"CountyName","CensusTract","Unaffordable Housing Units","Total Occupied Housing Units","uh_unit_perc","Lower ME","Upper ME","IBL Rank"
"n/a","State Total","936360","2668912","35.08","35.08","35.09","6"
"Adams","53001950100","267","989","27","26.94","27.05","2"
"Adams","53001950200","122","634","19.24","19.18","19.3","1"
"Adams","53001950300","522","1895","27.55","27.47","27.62","3"
"Adams","53001950400","356","890","40","39.91","40.09","8"
"Adams","53001950500","411","1394","29.48","29.38","29.59","3"
"Asotin","53003960100","367","1700","21.59","21.54","21.64","1"
"Asotin","53003960200","545","2128","25.61","25.54","25.69","2"
"Asotin","53003960300","508","1510","33.64","33.56","33.72","5"
"Asotin","53003960400","243","978","24.85","24.78","24.91","2"
"Asotin","53003960500","605","1540","39.29","39.19","39.38","8"
"Asotin","53003960600","347","1485","23.37","23.29","23.45","1"
"Benton","53005010100","247","1813","13.62","13.57","13.68","1"
"Benton","53005010201","377","1935","19.48","19.42","19.55","1"
"Benton","53005010202","748","2838","26.36","26.29","26.43","2"
"Benton","53005010300","531","2120","25.05","24.97","25.13","2"
"Benton","53005010400","448","1497","29.93","29.84","30.01","4"
"Benton","53005010500","348","1022","34.05","33.95","34.15","6"
"Benton","53005010600","651","1752","37.16","37.07","37.24","7"
"Benton","53005010701","161","802","20.07","20","20.15","1"
"Benton","53005010703","326","1214","26.85","26.73","26.98","2"
"Benton","53005010705","188","1821","10.32","10.28","10.36","1"
"Benton","53005010707","129","943","13.68","13.62","13.74","1"
"Benton","53005010708","254","941","26.99","26.93","27.06","2"
"Benton","53005010803","627","2884","21.74","21.67","21.81","1"
"Benton","53005010805","449","2597","17.29","17.22","17.35","1"
"Benton","53005010807","88","361","24.38","24.24","24.51","2"
"Benton","53005010809","893","2487","35.91","35.82","36","6"
"Benton","53005010810","532","2122","25.07","25.01","25.13","2"
"Benton","53005010811","163","1215","13.42","13.34","13.49","1"
"Benton","53005010813","981","4029","24.35","24.29","24.41","2"
"Benton","53005010814","197","1026","19.2","19.12","19.28","1"
"Benton","53005010901","824","2303","35.78","35.7","35.86","6"
"Benton","53005010902","665","1802","36.9","36.81","37","7"
"Benton","53005011001","466","2029","22.97","22.89","23.05","1"
"Benton","53005011002","719","1814","39.64","39.55","39.72","8"
"Benton","53005011100","792","2673","29.63","29.56","29.7","3"
"Benton","53005011200","1483","2868","51.71","51.62","51.79","10"
"Benton","53005011300","522","1603","32.56","32.48","32.65","5"
"Benton","53005011401","489","1336","36.6","36.51","36.7","7"
"Benton","53005011402","363","1917","18.94","18.87","19","1"
"Benton","53005011501","448","2252","19.89","19.82","19.96","1"
"Benton","53005011503","753","3340","22.54","22.48","22.61","1"
"Benton","53005011504","227","993","22.86","22.79","22.93","1"
"Benton","53005011600","12","334","3.59 (NR)","3.53","3.66","1"
"Benton","53005011700","750","2636","28.45","28.37","28.53","3"
"Benton","53005011800","487","2059","23.65","23.58","23.73","1"
"Benton","53005011900","530","2044","25.93","25.87","25.99","2"
"Benton","53005012000","0","8","0 (NR)","0","3.67","1"
"Chelan","53007960100","270","902","29.93","29.86","30","4"
"Chelan","53007960200","721","2826","25.51","25.46","25.57","2"
"Chelan","53007960300","887","2669","33.23","33.15","33.32","5"
"Chelan","53007960400","323","1312","24.62","24.53","24.71","2"
"Chelan","53007960500","589","2277","25.87","25.79","25.95","2"
"Chelan","53007960600","415","1471","28.21","28.15","28.27","3"
"Chelan","53007960700","232","1381","16.8","16.75","16.85","1"
"Chelan","53007960801","262","1064","24.62","24.52","24.72","2"
"Chelan","53007960802","1097","2890","37.96","37.88","38.04","7"
"Chelan","53007961000","1016","2376","42.76","42.66","42.86","9"
"Chelan","53007961100","839","2927","28.66","28.58","28.74","3"
"Chelan","53007961200","440","1500","29.33","29.25","29.41","3"
"Chelan","53007961301","158","534","29.59","29.47","29.7","3"
"Chelan","53007961302","927","2923","31.71","31.63","31.8","4"
"Clallam","53009000200","116","447","25.95","25.83","26.07","2"
"Clallam","53009000300","602","2068","29.11","29.03","29.19","3"
"Clallam","53009000400","129","671","19.23","19.15","19.3","1"
"Clallam","53009000600","409","1348","30.34","30.27","30.41","4"
"Clallam","53009000700","525","1372","38.27","38.17","38.36","7"
"Clallam","53009000800","705","1803","39.1","39.03","39.17","8"
"Clallam","53009000900","512","1296","39.51","39.41","39.6","8"
"Clallam","53009001000","564","1174","48.04","47.92","48.16","10"
"Clallam","53009001100","478","1340","35.67","35.58","35.76","6"
"Clallam","53009001200","738","1678","43.98","43.89","44.07","9"
"Clallam","53009001300","340","1363","24.94","24.87","25.02","2"
"Clallam","53009001400","431","1943","22.18","22.12","22.24","1"
"Clallam","53009001500","232","862","26.91","26.84","26.99","2"
"Clallam","53009001600","372","1555","23.92","23.86","23.98","1"
"Clallam","53009001700","696","2108","33.02","32.93","33.11","5"
"Clallam","53009001800","383","1097","34.91","34.83","35","6"
"Clallam","53009001900","807","2670","30.22","30.16","30.29","4"
"Clallam","53009002000","935","2642","35.39","35.32","35.46","6"
"Clallam","53009002100","722","1541","46.85","46.77","46.93","10"
"Clallam","53009002300","616","1856","33.19","33.11","33.27","5"
"Clallam","53009940000","56","487","11.5","11.46","11.54","1"
"Clallam","53009990100","0","0","0 (NR)","0","0","1"
"Clark","53011040101","552","1634","33.78","33.7","33.86","5"
"Clark","53011040102","310","1073","28.89","28.81","28.97","3"
"Clark","53011040201","734","2216","33.12","33.05","33.2","5"
"Clark","53011040202","444","1346","32.99","32.9","33.08","5"
"Clark","53011040203","566","1831","30.91","30.84","30.98","4"
"Clark","53011040301","93","563","16.52","16.41","16.62","1"
"Clark","53011040302","572","2376","24.07","23.99","24.15","1"
"Clark","53011040403","403","1440","27.99","27.91","28.06","3"
"Clark","53011040407","655","1861","35.2","35.12","35.28","6"
"Clark","53011040408","303","1150","26.35","26.27","26.42","2"
"Clark","53011040409","243","712","34.13","34.03","34.23","6"
"Clark","53011040411","306","996","30.72","30.65","30.8","4"
"Clark","53011040412","468","1747","26.79","26.72","26.86","2"
"Clark","53011040413","397","992","40.02","39.93","40.11","8"
"Clark","53011040414","592","1819","32.55","32.48","32.61","5"
"Clark","53011040415","494","1410","35.04","34.94","35.13","6"
"Clark","53011040416","252","1163","21.67","21.59","21.75","1"
"Clark","53011040504","495","1460","33.9","33.82","33.99","5"
"Clark","53011040505","485","1930","25.13","25.06","25.19","2"
"Clark","53011040507","246","822","29.93","29.85","30","4"
"Clark","53011040508","641","2290","27.99","27.92","28.07","3"
"Clark","53011040509","527","1190","44.29","44.17","44.4","9"
"Clark","53011040510","560","1875","29.87","29.79","29.94","4"
"Clark","53011040511","216","793","27.24","27.14","27.33","2"
"Clark","53011040603","526","1627","32.33","32.25","32.4","5"
"Clark","53011040604","606","1844","32.86","32.78","32.94","5"
"Clark","53011040605","506","1821","27.79","27.72","27.85","3"
"Clark","53011040608","401","1368","29.31","29.23","29.39","3"
"Clark","53011040609","326","1452","22.45","22.38","22.53","1"
"Clark","53011040610","256","1114","22.98","22.9","23.06","1"
"Clark","53011040703","710","2223","31.94","31.84","32.03","5"
"Clark","53011040706","461","1269","36.33","36.23","36.42","7"
"Clark","53011040707","333","1086","30.66","30.56","30.77","4"
"Clark","53011040709","518","1471","35.21","35.13","35.3","6"
"Clark","53011040710","699","1887","37.04","36.96","37.13","7"
"Clark","53011040711","561","1092","51.37","51.25","51.5","10"
"Clark","53011040712","482","1773","27.19","27.11","27.26","2"
"Clark","53011040803","468","1933","24.21","24.15","24.28","2"
"Clark","53011040805","516","2211","23.34","23.27","23.41","1"
"Clark","53011040806","482","1578","30.54","30.47","30.62","4"
"Clark","53011040808","192","621","30.92","30.81","31.02","4"
"Clark","53011040809","1078","2130","50.61","50.49","50.73","10"
"Clark","53011040810","253","1002","25.25","25.16","25.34","2"
"Clark","53011040904","1122","2504","44.81","44.72","44.9","9"
"Clark","53011040905","322","1130","28.5","28.42","28.57","3"
"Clark","53011040907","425","1700","25","24.94","25.06","2"
"Clark","53011040908","737","2235","32.98","32.89","33.06","5"
"Clark","53011040909","723","2140","33.79","33.69","33.88","5"
"Clark","53011040910","405","1448","27.97","27.9","28.04","3"
"Clark","53011041003","498","1541","32.32","32.24","32.39","5"
"Clark","53011041005","434","951","45.64","45.54","45.74","9"
"Clark","53011041007","518","1272","40.72","40.63","40.82","8"
"Clark","53011041008","496","1494","33.2","33.11","33.29","5"
"Clark","53011041009","646","1599","40.4","40.31","40.49","8"
"Clark","53011041010","706","1677","42.1","42.01","42.19","9"
"Clark","53011041011","290","1171","24.77","24.68","24.85","2"
"Clark","53011041104","461","1302","35.41","35.32","35.49","6"
"Clark","53011041105","609","2032","29.97","29.9","30.04","4"
"Clark","53011041107","310","944","32.84","32.75","32.93","5"
"Clark","53011041108","1498","3173","47.21","47.14","47.29","10"
"Clark","53011041110","974","2317","42.04","41.93","42.14","9"
"Clark","53011041111","587","1264","46.44","46.33","46.55","10"
"Clark","53011041112","1146","2314","49.52","49.41","49.64","10"
"Clark","53011041201","1077","2759","39.04","38.94","39.13","8"
"Clark","53011041203","710","1756","40.43","40.35","40.51","8"
"Clark","53011041205","712","1907","37.34","37.26","37.41","7"
"Clark","53011041206","418","1937","21.58","21.5","21.66","1"
"Clark","53011041309","756","1898","39.83","39.76","39.91","8"
"Clark","53011041310","712","2327","30.6","30.51","30.68","4"
"Clark","53011041312","692","1696","40.8","40.71","40.89","8"
"Clark","53011041313","395","941","41.98","41.85","42.1","9"
"Clark","53011041317","710","1776","39.98","39.9","40.05","8"
"Clark","53011041318","687","1860","36.94","36.85","37.02","7"
"Clark","53011041319","754","2022","37.29","37.19","37.39","7"
"Clark","53011041320","713","2248","31.72","31.63","31.81","4"
"Clark","53011041321","328","1043","31.45","31.36","31.53","4"
"Clark","53011041322","753","1901","39.61","39.53","39.69","8"
"Clark","53011041323","1087","2242","48.48","48.38","48.59","10"
"Clark","53011041325","446","1815","24.57","24.52","24.63","2"
"Clark","53011041326","256","777","32.95","32.85","33.05","5"
"Clark","53011041327","747","2532","29.5","29.42","29.58","3"
"Clark","53011041328","847","2461","34.42","34.34","34.5","6"
"Clark","53011041329","590","1549","38.09","38.01","38.17","7"
"Clark","53011041330","518","1403","36.92","36.84","37","7"
"Clark","53011041331","392","939","41.75","41.65","41.85","9"
"Clark","53011041332","294","1238","23.75","23.66","23.83","1"
"Clark","53011041333","381","1057","36.05","35.95","36.15","6"
"Clark","53011041400","667","1997","33.4","33.33","33.47","5"
"Clark","53011041500","377","1045","36.08","35.98","36.17","6"
"Clark","53011041600","892","1499","59.51","59.42","59.59","10"
"Clark","53011041700","866","1588","54.53","54.43","54.64","10"
"Clark","53011041800","565","1553","36.38","36.29","36.47","7"
"Clark","53011041900","380","962","39.5","39.42","39.58","8"
"Clark","53011042000","151","672","22.47","22.38","22.56","1"
"Clark","53011042100","459","1202","38.19","38.07","38.3","7"
"Clark","53011042300","469","1473","31.84","31.75","31.93","5"
"Clark","53011042400","331","851","38.9","38.8","38.99","8"
"Clark","53011042500","269","679","39.62","39.51","39.72","8"
"Clark","53011042600","924","2496","37.02","36.94","37.1","7"
"Clark","53011042700","837","1914","43.73","43.65","43.81","9"
"Clark","53011042800","433","1222","35.43","35.34","35.53","6"
"Clark","53011042900","179","570","31.4","31.32","31.49","4"
"Clark","53011043000","216","690","31.3","31.23","31.37","4"
"Clark","53011043100","527","1545","34.11","34.04","34.18","6"
"Columbia","53013960200","579","1686","34.34","34.28","34.4","6"
"Cowlitz","53015000300","141","277","50.9","50.73","51.07","10"
"Cowlitz","53015000400","1005","1907","52.7","52.62","52.78","10"
"Cowlitz","53015000501","497","1119","44.41","44.3","44.53","9"
"Cowlitz","53015000502","926","1612","57.44","57.36","57.53","10"
"Cowlitz","53015000601","892","1691","52.75","52.65","52.85","10"
"Cowlitz","53015000602","409","1258","32.51","32.42","32.6","5"
"Cowlitz","53015000702","279","1161","24.03","23.96","24.11","1"
"Cowlitz","53015000703","278","685","40.58","40.44","40.73","8"
"Cowlitz","53015000704","1076","2871","37.48","37.39","37.56","7"
"Cowlitz","53015000800","640","2722","23.51","23.45","23.58","1"
"Cowlitz","53015000900","713","2547","27.99","27.93","28.06","3"
"Cowlitz","53015001000","289","540","53.52","53.41","53.63","10"
"Cowlitz","53015001100","1216","2109","57.66","57.54","57.78","10"
"Cowlitz","53015001200","472","1674","28.2","28.14","28.26","3"
"Cowlitz","53015001300","512","1229","41.66","41.57","41.75","8"
"Cowlitz","53015001501","311","1095","28.4","28.31","28.5","3"
"Cowlitz","53015001502","667","2261","29.5","29.42","29.58","3"
"Cowlitz","53015001600","724","2579","28.07","28.01","28.13","3"
"Cowlitz","53015001700","489","1906","25.66","25.58","25.74","2"
"Cowlitz","53015001800","131","686","19.1","19.03","19.16","1"
"Cowlitz","53015001900","498","1927","25.84","25.76","25.92","2"
"Cowlitz","53015002001","253","1500","16.87","16.8","16.93","1"
"Cowlitz","53015002002","656","2599","25.24","25.17","25.31","2"
"Cowlitz","53015002100","974","1808","53.87","53.79","53.95","10"
"Douglas","53017950100","375","2097","17.88","17.83","17.93","1"
"Douglas","53017950200","272","1128","24.11","24.05","24.18","1"
"Douglas","53017950300","693","2157","32.13","32.05","32.21","5"
"Douglas","53017950400","772","2558","30.18","30.11","30.25","4"
"Douglas","53017950500","453","1298","34.9","34.81","34.99","6"
"Douglas","53017950600","366","1580","23.16","23.09","23.24","1"
"Douglas","53017950700","472","1619","29.15","29.08","29.23","3"
"Douglas","53017950800","404","1775","22.76","22.7","22.82","1"
"Ferry","53019940000","136","645","21.09","21.03","21.14","1"
"Ferry","53019970100","349","1045","33.4","33.32","33.47","5"
"Ferry","53019970200","420","1413","29.72","29.66","29.79","3"
"Franklin","53021020100","759","2462","30.83","30.73","30.92","4"
"Franklin","53021020200","578","1640","35.24","35.17","35.32","6"
"Franklin","53021020300","420","1536","27.34","27.27","27.42","3"
"Franklin","53021020400","1164","2802","41.54","41.46","41.62","8"
"Franklin","53021020501","389","1805","21.55","21.49","21.62","1"
"Franklin","53021020502","1012","3242","31.22","31.14","31.29","4"
"Franklin","53021020601","559","2786","20.06","20","20.13","1"
"Franklin","53021020603","440","1222","36.01","35.89","36.12","6"
"Franklin","53021020605","452","2400","18.83","18.75","18.91","1"
"Franklin","53021020606","548","2253","24.32","24.24","24.41","2"
"Franklin","53021020700","57","509","11.2","11.14","11.25","1"
"Franklin","53021020800","435","2068","21.03","20.97","21.1","1"
"Franklin","53021980100","0","0","0 (NR)","0","0","1"
"Garfield","53023970300","242","953","25.39","25.32","25.46","2"
"Grant","53025010100","320","1703","18.79","18.75","18.83","1"
"Grant","53025010200","232","994","23.34","23.27","23.41","1"
"Grant","53025010300","607","1832","33.13","33.06","33.2","5"
"Grant","53025010400","555","2951","18.81","18.74","18.87","1"
"Grant","53025010500","277","987","28.06","27.97","28.16","3"
"Grant","53025010600","540","2038","26.5","26.42","26.57","2"
"Grant","53025010700","151","947","15.95","15.89","16","1"
"Grant","53025010800","655","1427","45.9","45.8","46","9"
"Grant","53025010901","107","453","23.62","23.52","23.72","1"
"Grant","53025010902","1256","3802","33.04","32.96","33.11","5"
"Grant","53025011000","1072","4049","26.48","26.41","26.55","2"
"Grant","53025011100","764","2748","27.8","27.73","27.88","3"
"Grant","53025011200","390","1886","20.68","20.61","20.75","1"
"Grant","53025011300","249","1176","21.17","21.11","21.23","1"
"Grant","53025011401","69","622","11.09","11.03","11.16","1"
"Grant","53025011402","502","2743","18.3","18.25","18.36","1"
"Grays Harbor","53027000200","1373","3444","39.87","39.76","39.97","8"
"Grays Harbor","53027000300","231","1335","17.3","17.25","17.36","1"
"Grays Harbor","53027000400","653","2664","24.51","24.44","24.58","2"
"Grays Harbor","53027000500","653","2326","28.07","27.99","28.16","3"
"Grays Harbor","53027000600","500","1374","36.39","36.32","36.46","7"
"Grays Harbor","53027000700","471","1737","27.12","27.06","27.17","2"
"Grays Harbor","53027000800","479","1732","27.66","27.58","27.73","3"
"Grays Harbor","53027000900","617","2177","28.34","28.27","28.42","3"
"Grays Harbor","53027001000","416","1134","36.68","36.6","36.77","7"
"Grays Harbor","53027001100","423","1691","25.01","24.95","25.08","2"
"Grays Harbor","53027001200","606","1519","39.89","39.81","39.98","8"
"Grays Harbor","53027001300","487","1323","36.81","36.72","36.9","7"
"Grays Harbor","53027001400","287","842","34.09","34","34.17","6"
"Grays Harbor","53027001500","554","1609","34.43","34.36","34.5","6"
"Grays Harbor","53027001600","627","1984","31.6","31.53","31.68","4"
"Grays Harbor","53027940000","65","328","19.82","19.76","19.88","1"
"Grays Harbor","53027990000","0","0","0 (NR)","0","0","1"
"Island","53029970100","309","1073","28.8","28.7","28.9","3"
"Island","53029970200","131","208","62.98","62.76","63.2","10"
"Island","53029970300","454","1870","24.28","24.2","24.35","2"
"Island","53029970400","928","2383","38.94","38.85","39.04","8"
"Island","53029970500","829","2352","35.25","35.16","35.34","6"
"Island","53029970601","511","1495","34.18","34.09","34.27","6"
"Island","53029970602","667","1453","45.91","45.82","45.99","9"
"Island","53029970700","380","1036","36.68","36.57","36.79","7"
"Island","53029970800","352","1139","30.9","30.82","30.99","4"
"Island","53029970900","856","1674","51.14","51.05","51.22","10"
"Island","53029971000","790","2155","36.66","36.58","36.74","7"
"Island","53029971100","421","1403","30.01","29.93","30.08","4"
"Island","53029971300","797","2217","35.95","35.86","36.04","6"
"Island","53029971400","584","1746","33.45","33.38","33.52","5"
"Island","53029971500","440","1388","31.7","31.62","31.78","4"
"Island","53029971600","447","1551","28.82","28.75","28.89","3"
"Island","53029971700","550","1674","32.86","32.79","32.92","5"
"Island","53029971800","292","1076","27.14","27.06","27.22","2"
"Island","53029971900","603","1778","33.91","33.83","34","5"
"Island","53029972000","650","1834","35.44","35.37","35.51","6"
"Island","53029972100","535","1620","33.02","32.94","33.11","5"
"Island","53029992201","0","0","0 (NR)","0","0","1"
"Jefferson","53031950202","232","682","34.02","33.92","34.11","5"
"Jefferson","53031950300","698","2679","26.05","25.99","26.12","2"
"Jefferson","53031950400","734","1801","40.76","40.67","40.84","8"
"Jefferson","53031950500","1013","3052","33.19","33.13","33.25","5"
"Jefferson","53031950601","1264","3141","40.24","40.16","40.32","8"
"Jefferson","53031950602","520","1356","38.35","38.26","38.43","7"
"Jefferson","53031950702","186","711","26.16","26.07","26.25","2"
"Jefferson","53031990000","0","0","0 (NR)","0","0","1"
"King","53033000100","1516","3400","44.59","44.52","44.66","9"
"King","53033000200","1528","3572","42.78","42.7","42.85","9"
"King","53033000300","436","1087","40.11","40.01","40.21","8"
"King","53033000401","1784","3301","54.04","53.96","54.13","10"
"King","53033000402","1021","2299","44.41","44.34","44.48","9"
"King","53033000500","322","1246","25.84","25.77","25.91","2"
"King","53033000600","1226","3345","36.65","36.58","36.73","7"
"King","53033000700","819","2169","37.76","37.67","37.85","7"
"King","53033000800","287","1020","28.14","28.06","28.21","3"
"King","53033000900","222","844","26.3","26.24","26.37","2"
"King","53033001000","259","792","32.7","32.62","32.78","5"
"King","53033001100","450","1091","41.25","41.14","41.35","8"
"King","53033001200","2016","3568","56.5","56.42","56.58","10"
"King","53033001300","827","2180","37.94","37.85","38.02","7"
"King","53033001400","876","2209","39.66","39.56","39.75","8"
"King","53033001500","341","1107","30.8","30.73","30.88","4"
"King","53033001600","600","1767","33.96","33.88","34.03","5"
"King","53033001701","492","1979","24.86","24.8","24.92","2"
"King","53033001702","867","2074","41.8","41.72","41.88","9"
"King","53033001800","666","2225","29.93","29.85","30.01","4"
"King","53033001900","780","2175","35.86","35.79","35.94","6"
"King","53033002000","576","1606","35.87","35.78","35.95","6"
"King","53033002100","401","1723","23.27","23.21","23.33","1"
"King","53033002200","611","2171","28.14","28.07","28.22","3"
"King","53033002400","361","1247","28.95","28.88","29.02","3"
"King","53033002500","350","1266","27.65","27.57","27.72","3"
"King","53033002600","672","1919","35.02","34.94","35.09","6"
"King","53033002700","603","2319","26","25.93","26.08","2"
"King","53033002800","675","2032","33.22","33.14","33.3","5"
"King","53033002900","501","1878","26.68","26.62","26.74","2"
"King","53033003000","909","2434","37.35","37.26","37.43","7"
"King","53033003100","673","2610","25.79","25.72","25.85","2"
"King","53033003200","1263","3971","31.81","31.74","31.87","5"
"King","53033003300","946","3166","29.88","29.81","29.95","4"
"King","53033003400","439","1506","29.15","29.07","29.23","3"
"King","53033003500","734","1841","39.87","39.79","39.94","8"
"King","53033003600","1370","3210","42.68","42.61","42.75","9"
"King","53033003800","266","856","31.07","31","31.15","4"
"King","53033003900","219","1161","18.86","18.8","18.92","1"
"King","53033004000","441","1322","33.36","33.27","33.45","5"
"King","53033004100","814","2900","28.07","28.01","28.13","3"
"King","53033004200","903","3225","28","27.94","28.06","3"
"King","53033004301","609","1411","43.16","43.08","43.25","9"
"King","53033004302","868","1440","60.28","60.19","60.37","10"
"King","53033004400","1203","2382","50.5","50.4","50.61","10"
"King","53033004500","351","1015","34.58","34.5","34.67","6"
"King","53033004600","454","1420","31.97","31.9","32.04","5"
"King","53033004700","1726","4922","35.07","34.99","35.14","6"
"King","53033004800","558","2115","26.38","26.31","26.46","2"
"King","53033004900","1076","3627","29.67","29.6","29.73","3"
"King","53033005000","759","1890","40.16","40.08","40.24","8"
"King","53033005100","506","1640","30.85","30.78","30.92","4"
"King","53033005200","1512","2865","52.77","52.69","52.85","10"
"King","53033005301","1674","2678","62.51","62.44","62.57","10"
"King","53033005302","71","126","56.35","56.06","56.64","10"
"King","53033005400","732","2766","26.46","26.4","26.53","2"
"King","53033005600","640","2565","24.95","24.89","25.01","2"
"King","53033005700","871","2741","31.78","31.7","31.86","4"
"King","53033005801","1170","2613","44.78","44.69","44.86","9"
"King","53033005802","911","2701","33.73","33.65","33.81","5"
"King","53033005900","909","2658","34.2","34.11","34.28","6"
"King","53033006000","764","2492","30.66","30.57","30.75","4"
"King","53033006100","927","2925","31.69","31.62","31.77","4"
"King","53033006200","354","1594","22.21","22.14","22.27","1"
"King","53033006300","609","2478","24.58","24.51","24.64","2"
"King","53033006400","277","1288","21.51","21.44","21.57","1"
"King","53033006500","640","2434","26.29","26.21","26.37","2"
"King","53033006600","787","2167","36.32","36.22","36.41","7"
"King","53033006700","1182","4254","27.79","27.72","27.85","3"
"King","53033006800","411","1394","29.48","29.42","29.55","3"
"King","53033006900","739","2186","33.81","33.73","33.88","5"
"King","53033007000","1588","5116","31.04","30.97","31.11","4"
"King","53033007100","796","2490","31.97","31.89","32.04","5"
"King","53033007200","1690","4836","34.95","34.87","35.02","6"
"King","53033007300","1416","3761","37.65","37.58","37.72","7"
"King","53033007401","1010","3511","28.77","28.69","28.84","3"
"King","53033007402","1669","3448","48.4","48.31","48.5","10"
"King","53033007500","1970","4905","40.16","40.08","40.24","8"
"King","53033007600","607","1999","30.37","30.29","30.44","4"
"King","53033007700","707","2260","31.28","31.19","31.37","4"
"King","53033007800","671","2173","30.88","30.8","30.95","4"
"King","53033007900","1144","3105","36.84","36.78","36.91","7"
"King","53033008001","1285","3981","32.28","32.19","32.37","5"
"King","53033008002","930","2263","41.1","41.01","41.18","8"
"King","53033008100","1005","2478","40.56","40.47","40.64","8"
"King","53033008200","958","2557","37.47","37.39","37.54","7"
"King","53033008300","920","1975","46.58","46.51","46.66","10"
"King","53033008400","1358","2978","45.6","45.53","45.67","9"
"King","53033008500","878","1875","46.83","46.76","46.9","10"
"King","53033008600","1004","1870","53.69","53.6","53.78","10"
"King","53033008700","776","1806","42.97","42.89","43.05","9"
"King","53033008800","515","1494","34.47","34.4","34.55","6"
"King","53033008900","696","2058","33.82","33.72","33.92","5"
"King","53033009000","812","1742","46.61","46.52","46.7","10"
"King","53033009100","652","1421","45.88","45.79","45.98","9"
"King","53033009200","738","1734","42.56","42.47","42.65","9"
"King","53033009300","386","1069","36.11","36.02","36.2","6"
"King","53033009400","1063","2527","42.07","41.97","42.16","9"
"King","53033009500","827","2577","32.09","32.01","32.18","5"
"King","53033009600","938","2727","34.4","34.32","34.48","6"
"King","53033009701","1029","2926","35.17","35.09","35.24","6"
"King","53033009702","711","2241","31.73","31.65","31.8","4"
"King","53033009800","733","3026","24.22","24.17","24.28","2"
"King","53033009900","849","2610","32.53","32.45","32.61","5"
"King","53033010001","644","1518","42.42","42.32","42.53","9"
"King","53033010002","656","1770","37.06","36.98","37.14","7"
"King","53033010100","1262","2796","45.14","45.04","45.23","9"
"King","53033010200","620","1902","32.6","32.53","32.67","5"
"King","53033010300","1082","2545","42.51","42.42","42.6","9"
"King","53033010401","610","1400","43.57","43.46","43.68","9"
"King","53033010402","518","1583","32.72","32.65","32.8","5"
"King","53033010500","1326","3477","38.14","38.07","38.2","7"
"King","53033010600","998","3571","27.95","27.89","28.01","3"
"King","53033010701","616","1431","43.05","42.95","43.14","9"
"King","53033010702","604","1465","41.23","41.13","41.33","8"
"King","53033010800","692","1719","40.26","40.17","40.34","8"
"King","53033010900","290","597","48.58","48.45","48.71","10"
"King","53033011001","869","1642","52.92","52.83","53.02","10"
"King","53033011002","651","1278","50.94","50.83","51.05","10"
"King","53033011101","800","1743","45.9","45.8","46","9"
"King","53033011102","553","1481","37.34","37.25","37.43","7"
"King","53033011200","780","1449","53.83","53.71","53.95","10"
"King","53033011300","1533","2950","51.97","51.87","52.06","10"
"King","53033011401","650","1678","38.74","38.66","38.82","8"
"King","53033011402","625","1875","33.33","33.26","33.4","5"
"King","53033011500","603","1945","31","30.93","31.07","4"
"King","53033011600","960","2988","32.13","32.05","32.2","5"
"King","53033011700","731","1700","43","42.89","43.11","9"
"King","53033011800","1372","2782","49.32","49.22","49.41","10"
"King","53033011900","1078","2526","42.68","42.58","42.77","9"
"King","53033012000","456","1456","31.32","31.23","31.4","4"
"King","53033012100","293","1177","24.89","24.82","24.97","2"
"King","53033020100","479","1256","38.14","38.06","38.22","7"
"King","53033020200","971","2142","45.33","45.23","45.43","9"
"King","53033020300","1458","2960","49.26","49.18","49.34","10"
"King","53033020401","457","1364","33.5","33.43","33.58","5"
"King","53033020402","787","2233","35.24","35.16","35.33","6"
"King","53033020500","1083","2674","40.5","40.42","40.58","8"
"King","53033020600","500","1290","38.76","38.66","38.86","8"
"King","53033020700","689","1497","46.03","45.94","46.11","10"
"King","53033020800","615","1743","35.28","35.21","35.36","6"
"King","53033020900","522","1392","37.5","37.42","37.58","7"
"King","53033021000","724","2178","33.24","33.16","33.32","5"
"King","53033021100","541","1578","34.28","34.21","34.35","6"
"King","53033021300","662","1776","37.27","37.2","37.35","7"
"King","53033021400","501","1438","34.84","34.76","34.92","6"
"King","53033021500","485","1723","28.15","28.08","28.22","3"
"King","53033021600","595","1749","34.02","33.95","34.09","5"
"King","53033021700","1193","3370","35.4","35.33","35.47","6"
"King","53033021802","806","2224","36.24","36.15","36.34","7"
"King","53033021803","755","1927","39.18","39.1","39.26","8"
"King","53033021804","654","1645","39.76","39.67","39.84","8"
"King","53033021903","978","2376","41.16","41.07","41.25","8"
"King","53033021904","561","1774","31.62","31.55","31.69","4"
"King","53033021905","730","2196","33.24","33.16","33.33","5"
"King","53033021906","524","1602","32.71","32.63","32.79","5"
"King","53033022001","889","2179","40.8","40.72","40.87","8"
"King","53033022003","739","1939","38.11","38.03","38.2","7"
"King","53033022005","855","2184","39.15","39.05","39.25","8"
"King","53033022006","645","1700","37.94","37.85","38.03","7"
"King","53033022101","565","1761","32.08","32.02","32.15","5"
"King","53033022102","945","2294","41.19","41.11","41.28","8"
"King","53033022201","684","1714","39.91","39.82","39.99","8"
"King","53033022202","1164","3288","35.4","35.33","35.47","6"
"King","53033022203","641","1860","34.46","34.39","34.54","6"
"King","53033022300","361","1009","35.78","35.69","35.87","6"
"King","53033022400","1054","3788","27.82","27.77","27.88","3"
"King","53033022500","1109","3770","29.42","29.36","29.47","3"
"King","53033022603","694","2272","30.55","30.46","30.64","4"
"King","53033022604","585","1736","33.7","33.63","33.77","5"
"King","53033022605","1063","2538","41.88","41.79","41.98","9"
"King","53033022606","704","2339","30.1","30.01","30.19","4"
"King","53033022701","470","1403","33.5","33.43","33.57","5"
"King","53033022702","421","1385","30.4","30.31","30.48","4"
"King","53033022703","343","833","41.18","41.1","41.26","8"
"King","53033022801","1033","3802","27.17","27.11","27.23","2"
"King","53033022802","582","2046","28.45","28.38","28.51","3"
"King","53033022803","656","2165","30.3","30.22","30.38","4"
"King","53033022901","173","996","17.37","17.3","17.44","1"
"King","53033022902","485","2347","20.66","20.6","20.73","1"
"King","53033023000","514","1827","28.13","28.07","28.2","3"
"King","53033023100","498","1374","36.24","36.17","36.32","7"
"King","53033023201","888","2577","34.46","34.36","34.56","6"
"King","53033023202","806","1791","45","44.91","45.09","9"
"King","53033023300","805","2266","35.53","35.42","35.63","6"
"King","53033023401","533","1480","36.01","35.95","36.08","6"
"King","53033023403","472","1580","29.87","29.79","29.96","4"
"King","53033023404","211","1151","18.33","18.27","18.4","1"
"King","53033023500","378","1417","26.68","26.61","26.74","2"
"King","53033023601","661","1705","38.77","38.69","38.85","8"
"King","53033023603","550","2399","22.93","22.85","23","1"
"King","53033023604","925","2457","37.65","37.56","37.73","7"
"King","53033023700","578","1701","33.98","33.91","34.05","5"
"King","53033023801","432","1144","37.76","37.66","37.87","7"
"King","53033023803","909","2815","32.29","32.22","32.36","5"
"King","53033023804","1450","3928","36.91","36.84","36.99","7"
"King","53033023900","917","2794","32.82","32.75","32.89","5"
"King","53033024000","1159","3377","34.32","34.25","34.39","6"
"King","53033024100","579","1684","34.38","34.34","34.43","6"
"King","53033024200","353","1082","32.62","32.55","32.7","5"
"King","53033024300","1348","3725","36.19","36.12","36.25","6"
"King","53033024400","591","1271","46.5","46.4","46.6","10"
"King","53033024500","494","1712","28.86","28.79","28.92","3"
"King","53033024601","356","1616","22.03","21.97","22.09","1"
"King","53033024602","237","1259","18.82","18.76","18.89","1"
"King","53033024701","425","1416","30.01","29.92","30.11","4"
"King","53033024702","656","2885","22.74","22.68","22.8","1"
"King","53033024800","925","2123","43.57","43.47","43.68","9"
"King","53033024901","466","1745","26.7","26.65","26.76","2"
"King","53033024902","488","1352","36.09","36.01","36.18","6"
"King","53033024903","607","2224","27.29","27.23","27.36","3"
"King","53033025001","504","1759","28.65","28.6","28.71","3"
"King","53033025003","595","2549","23.34","23.28","23.41","1"
"King","53033025005","595","1863","31.94","31.86","32.01","5"
"King","53033025006","577","2139","26.98","26.89","27.06","2"
"King","53033025101","636","2068","30.75","30.66","30.85","4"
"King","53033025102","806","2745","29.36","29.28","29.45","3"
"King","53033025200","1048","3228","32.47","32.4","32.53","5"
"King","53033025301","999","2706","36.92","36.84","37","7"
"King","53033025302","1306","2614","49.96","49.86","50.07","10"
"King","53033025400","1448","2942","49.22","49.14","49.3","10"
"King","53033025500","830","1982","41.88","41.8","41.96","9"
"King","53033025601","763","1998","38.19","38.1","38.28","7"
"King","53033025602","576","2026","28.43","28.36","28.5","3"
"King","53033025701","1281","2684","47.73","47.62","47.84","10"
"King","53033025702","377","1270","29.69","29.6","29.77","3"
"King","53033025803","817","1727","47.31","47.21","47.4","10"
"King","53033025804","383","1206","31.76","31.67","31.85","4"
"King","53033025805","911","1804","50.5","50.39","50.61","10"
"King","53033025806","523","1695","30.86","30.77","30.94","4"
"King","53033026001","694","2043","33.97","33.89","34.05","5"
"King","53033026002","1506","3094","48.67","48.58","48.77","10"
"King","53033026100","1102","2528","43.59","43.5","43.69","9"
"King","53033026200","1044","2363","44.18","44.07","44.29","9"
"King","53033026300","210","561","37.43","37.31","37.55","7"
"King","53033026400","1180","2386","49.46","49.35","49.56","10"
"King","53033026500","699","1530","45.69","45.6","45.77","9"
"King","53033026600","377","853","44.2","44.08","44.31","9"
"King","53033026700","673","1983","33.94","33.85","34.03","5"
"King","53033026801","1010","2101","48.07","47.96","48.19","10"
"King","53033026802","739","1498","49.33","49.24","49.43","10"
"King","53033027000","419","1130","37.08","37","37.16","7"
"King","53033027100","593","1214","48.85","48.74","48.96","10"
"King","53033027200","380","875","43.43","43.33","43.53","9"
"King","53033027300","963","1922","50.1","50.02","50.19","10"
"King","53033027400","723","1713","42.21","42.12","42.29","9"
"King","53033027500","713","1654","43.11","43.01","43.21","9"
"King","53033027600","743","1688","44.02","43.92","44.11","9"
"King","53033027701","771","2579","29.9","29.81","29.98","4"
"King","53033027702","644","2178","29.57","29.48","29.66","3"
"King","53033027800","492","1351","36.42","36.33","36.51","7"
"King","53033027900","1001","3099","32.3","32.23","32.37","5"
"King","53033028000","602","1437","41.89","41.79","41.99","9"
"King","53033028100","348","829","41.98","41.87","42.08","9"
"King","53033028200","957","1929","49.61","49.52","49.71","10"
"King","53033028300","684","1934","35.37","35.29","35.45","6"
"King","53033028402","891","1702","52.35","52.24","52.46","10"
"King","53033028403","1112","2326","47.81","47.7","47.91","10"
"King","53033028500","877","1631","53.77","53.68","53.86","10"
"King","53033028600","884","2587","34.17","34.09","34.26","6"
"King","53033028700","626","1840","34.02","33.94","34.11","5"
"King","53033028801","402","774","51.94","51.83","52.05","10"
"King","53033028802","1133","2319","48.86","48.76","48.95","10"
"King","53033028901","509","1556","32.71","32.63","32.8","5"
"King","53033028902","1027","2412","42.58","42.48","42.68","9"
"King","53033029001","738","1957","37.71","37.65","37.78","7"
"King","53033029003","758","1920","39.48","39.37","39.59","8"
"King","53033029004","643","1257","51.15","51.06","51.25","10"
"King","53033029101","439","1157","37.94","37.82","38.07","7"
"King","53033029102","545","1348","40.43","40.33","40.53","8"
"King","53033029203","629","1170","53.76","53.65","53.87","10"
"King","53033029204","1112","2478","44.87","44.78","44.97","9"
"King","53033029205","719","2106","34.14","34.06","34.22","6"
"King","53033029206","1020","1859","54.87","54.78","54.96","10"
"King","53033029303","1160","3076","37.71","37.63","37.79","7"
"King","53033029304","505","1857","27.19","27.12","27.26","2"
"King","53033029305","407","1331","30.58","30.49","30.67","4"
"King","53033029306","466","1246","37.4","37.3","37.5","7"
"King","53033029307","399","1323","30.16","30.07","30.25","4"
"King","53033029403","812","1857","43.73","43.64","43.81","9"
"King","53033029405","592","1706","34.7","34.63","34.77","6"
"King","53033029406","550","1589","34.61","34.53","34.7","6"
"King","53033029407","675","1522","44.35","44.26","44.44","9"
"King","53033029408","863","1603","53.84","53.72","53.95","10"
"King","53033029502","741","2039","36.34","36.26","36.43","7"
"King","53033029503","1451","2891","50.19","50.1","50.28","10"
"King","53033029504","1136","2175","52.23","52.1","52.36","10"
"King","53033029601","813","1966","41.35","41.26","41.45","8"
"King","53033029602","464","1695","27.37","27.3","27.45","3"
"King","53033029700","1522","2880","52.85","52.75","52.95","10"
"King","53033029801","1142","2955","38.65","38.57","38.72","8"
"King","53033029802","1030","2979","34.58","34.48","34.67","6"
"King","53033029901","652","1627","40.07","39.99","40.16","8"
"King","53033029902","426","1472","28.94","28.87","29.01","3"
"King","53033030003","877","2334","37.57","37.49","37.66","7"
"King","53033030004","1557","2986","52.14","52.03","52.25","10"
"King","53033030005","743","1820","40.82","40.74","40.9","8"
"King","53033030006","936","1642","57","56.91","57.1","10"
"King","53033030100","935","2910","32.13","32.06","32.2","5"
"King","53033030201","922","2019","45.67","45.57","45.76","9"
"King","53033030202","1024","2357","43.45","43.35","43.54","9"
"King","53033030304","329","1023","32.16","32.08","32.24","5"
"King","53033030305","912","2099","43.45","43.35","43.54","9"
"King","53033030306","494","2002","24.68","24.62","24.73","2"
"King","53033030308","952","2243","42.44","42.36","42.52","9"
"King","53033030309","784","2427","32.3","32.22","32.39","5"
"King","53033030310","852","1906","44.7","44.62","44.79","9"
"King","53033030311","679","1723","39.41","39.32","39.49","8"
"King","53033030312","787","1793","43.89","43.82","43.97","9"
"King","53033030313","834","1742","47.88","47.77","47.98","10"
"King","53033030314","837","1917","43.66","43.59","43.73","9"
"King","53033030401","986","3073","32.09","32.01","32.16","5"
"King","53033030403","485","1660","29.22","29.14","29.29","3"
"King","53033030404","467","1584","29.48","29.4","29.56","3"
"King","53033030501","560","925","60.54","60.46","60.62","10"
"King","53033030503","998","2096","47.61","47.51","47.72","10"
"King","53033030504","734","1889","38.86","38.78","38.93","8"
"King","53033030600","859","2052","41.86","41.75","41.98","9"
"King","53033030700","650","1453","44.74","44.63","44.84","9"
"King","53033030801","1103","2336","47.22","47.12","47.32","10"
"King","53033030802","464","1350","34.37","34.29","34.45","6"
"King","53033030901","575","1195","48.12","48.04","48.2","10"
"King","53033030902","842","1983","42.46","42.38","42.54","9"
"King","53033031000","424","1408","30.11","30.03","30.2","4"
"King","53033031100","1071","2581","41.5","41.42","41.57","8"
"King","53033031202","543","2221","24.45","24.38","24.52","2"
"King","53033031204","704","2190","32.15","32.05","32.24","5"
"King","53033031205","845","2191","38.57","38.46","38.67","7"
"King","53033031206","637","1714","37.16","37.09","37.24","7"
"King","53033031301","344","969","35.5","35.41","35.59","6"
"King","53033031302","669","1657","40.37","40.3","40.45","8"
"King","53033031400","961","2408","39.91","39.81","40.01","8"
"King","53033031501","478","1560","30.64","30.55","30.73","4"
"King","53033031502","543","1740","31.21","31.13","31.29","4"
"King","53033031601","603","2008","30.03","29.96","30.1","4"
"King","53033031603","601","2077","28.94","28.86","29.01","3"
"King","53033031604","529","1762","30.02","29.93","30.11","4"
"King","53033031605","421","1348","31.23","31.14","31.32","4"
"King","53033031703","737","2593","28.42","28.35","28.49","3"
"King","53033031704","506","1707","29.64","29.57","29.71","3"
"King","53033031705","287","1268","22.63","22.54","22.72","1"
"King","53033031706","954","2356","40.49","40.4","40.58","8"
"King","53033031800","443","1746","25.37","25.31","25.43","2"
"King","53033031903","722","2385","30.27","30.19","30.35","4"
"King","53033031904","409","1329","30.78","30.69","30.86","4"
"King","53033031906","296","1397","21.19","21.12","21.25","1"
"King","53033031907","836","2787","30","29.92","30.07","4"
"King","53033031908","696","1914","36.36","36.29","36.44","7"
"King","53033031909","304","1172","25.94","25.86","26.02","2"
"King","53033032002","343","1229","27.91","27.82","28","3"
"King","53033032003","603","1942","31.05","30.98","31.12","4"
"King","53033032005","703","2315","30.37","30.28","30.45","4"
"King","53033032006","656","1867","35.14","35.06","35.21","6"
"King","53033032007","448","1355","33.06","32.97","33.15","5"
"King","53033032008","501","1460","34.32","34.22","34.41","6"
"King","53033032010","544","2049","26.55","26.48","26.62","2"
"King","53033032011","430","1407","30.56","30.48","30.64","4"
"King","53033032102","693","1833","37.81","37.73","37.89","7"
"King","53033032103","629","2032","30.95","30.87","31.04","4"
"King","53033032104","858","2476","34.65","34.57","34.74","6"
"King","53033032203","819","2599","31.51","31.43","31.59","4"
"King","53033032207","325","1151","28.24","28.16","28.32","3"
"King","53033032208","1609","4056","39.67","39.61","39.73","8"
"King","53033032210","1377","4413","31.2","31.14","31.26","4"
"King","53033032211","573","1732","33.08","33.01","33.16","5"
"King","53033032212","796","2921","27.25","27.18","27.32","2"
"King","53033032213","356","1446","24.62","24.54","24.7","2"
"King","53033032214","380","1988","19.11","19.06","19.17","1"
"King","53033032215","357","1458","24.49","24.4","24.57","2"
"King","53033032307","635","2329","27.26","27.18","27.35","2"
"King","53033032309","764","3101","24.64","24.57","24.7","2"
"King","53033032311","462","2023","22.84","22.77","22.9","1"
"King","53033032313","687","2437","28.19","28.12","28.26","3"
"King","53033032315","481","1950","24.67","24.61","24.73","2"
"King","53033032316","423","1847","22.9","22.85","22.96","1"
"King","53033032317","570","2143","26.6","26.53","26.67","2"
"King","53033032318","372","1911","19.47","19.41","19.52","1"
"King","53033032319","1005","2488","40.39","40.31","40.47","8"
"King","53033032320","348","1560","22.31","22.24","22.37","1"
"King","53033032321","329","1713","19.21","19.16","19.25","1"
"King","53033032322","290","1178","24.62","24.55","24.69","2"
"King","53033032323","504","2224","22.66","22.6","22.73","1"
"King","53033032324","542","2204","24.59","24.51","24.67","2"
"King","53033032325","758","2286","33.16","33.06","33.25","5"
"King","53033032326","394","1433","27.49","27.42","27.57","3"
"King","53033032327","510","1909","26.72","26.66","26.77","2"
"King","53033032328","351","1137","30.87","30.78","30.96","4"
"King","53033032329","837","2991","27.98","27.92","28.04","3"
"King","53033032401","661","2090","31.63","31.54","31.72","4"
"King","53033032402","584","2362","24.72","24.64","24.81","2"
"King","53033032500","741","1991","37.22","37.15","37.28","7"
"King","53033032601","459","1053","43.59","43.48","43.7","9"
"King","53033032602","1211","3987","30.37","30.31","30.44","4"
"King","53033032702","882","2600","33.92","33.84","34.01","5"
"King","53033032703","340","879","38.68","38.58","38.78","8"
"King","53033032704","875","2492","35.11","35.03","35.2","6"
"King","53033032800","364","997","36.51","36.42","36.6","7"
"King","53033990100","0","0","0 (NR)","0","0","1"
"Kitsap","53035080101","453","1177","38.49","38.38","38.59","7"
"Kitsap","53035080102","741","1975","37.52","37.44","37.6","7"
"Kitsap","53035080200","781","1608","48.57","48.48","48.66","10"
"Kitsap","53035080300","669","1626","41.14","41.06","41.23","8"
"Kitsap","53035080400","504","1694","29.75","29.68","29.82","3"
"Kitsap","53035080500","645","1321","48.83","48.73","48.92","10"
"Kitsap","53035080600","806","2045","39.41","39.31","39.52","8"
"Kitsap","53035080700","481","1549","31.05","30.98","31.13","4"
"Kitsap","53035080800","302","533","56.66","56.54","56.78","10"
"Kitsap","53035080900","726","1925","37.71","37.63","37.8","7"
"Kitsap","53035081000","605","1805","33.52","33.44","33.6","5"
"Kitsap","53035081100","478","1094","43.69","43.59","43.8","9"
"Kitsap","53035081200","629","1453","43.29","43.19","43.39","9"
"Kitsap","53035081400","0","26","0 (NR)","0","1.13","1"
"Kitsap","53035090101","866","2354","36.79","36.7","36.88","7"
"Kitsap","53035090102","856","2537","33.74","33.66","33.83","5"
"Kitsap","53035090201","480","1672","28.71","28.64","28.78","3"
"Kitsap","53035090202","573","1902","30.13","30.05","30.2","4"
"Kitsap","53035090300","738","1308","56.42","56.33","56.51","10"
"Kitsap","53035090400","492","1683","29.23","29.17","29.3","3"
"Kitsap","53035090501","803","1826","43.98","43.9","44.06","9"
"Kitsap","53035090502","600","1701","35.27","35.19","35.36","6"
"Kitsap","53035090700","592","1938","30.55","30.49","30.61","4"
"Kitsap","53035090800","431","1586","27.18","27.11","27.24","2"
"Kitsap","53035090900","1170","3343","35","34.93","35.07","6"
"Kitsap","53035091000","656","2608","25.15","25.09","25.21","2"
"Kitsap","53035091100","536","1906","28.12","28.05","28.19","3"
"Kitsap","53035091201","692","1760","39.32","39.24","39.4","8"
"Kitsap","53035091203","1045","2919","35.8","35.71","35.89","6"
"Kitsap","53035091204","597","1468","40.67","40.58","40.76","8"
"Kitsap","53035091301","431","1674","25.75","25.67","25.82","2"
"Kitsap","53035091302","416","2060","20.19","20.13","20.25","1"
"Kitsap","53035091400","260","1260","20.63","20.56","20.71","1"
"Kitsap","53035091500","275","1411","19.49","19.43","19.55","1"
"Kitsap","53035091600","911","2518","36.18","36.09","36.27","6"
"Kitsap","53035091700","1065","2910","36.6","36.51","36.68","7"
"Kitsap","53035091800","308","1236","24.92","24.84","25","2"
"Kitsap","53035091900","555","1682","33","32.91","33.08","5"
"Kitsap","53035092000","747","2103","35.52","35.44","35.6","6"
"Kitsap","53035092100","1030","2850","36.14","36.06","36.22","6"
"Kitsap","53035092200","916","2308","39.69","39.61","39.76","8"
"Kitsap","53035092300","995","2344","42.45","42.36","42.54","9"
"Kitsap","53035092400","868","2144","40.49","40.38","40.59","8"
"Kitsap","53035092500","817","1995","40.95","40.86","41.05","8"
"Kitsap","53035092600","744","2163","34.4","34.3","34.49","6"
"Kitsap","53035092701","400","1585","25.24","25.16","25.31","2"
"Kitsap","53035092704","218","1230","17.72","17.65","17.8","1"
"Kitsap","53035092801","391","1604","24.38","24.31","24.44","2"
"Kitsap","53035092802","422","1469","28.73","28.65","28.8","3"
"Kitsap","53035092803","378","990","38.18","38.07","38.29","7"
"Kitsap","53035092901","735","2000","36.75","36.66","36.84","7"
"Kitsap","53035092902","572","1883","30.38","30.31","30.44","4"
"Kitsap","53035940000","487","1406","34.64","34.6","34.67","6"
"Kitsap","53035940100","924","2572","35.93","35.87","35.98","6"
"Kitsap","53035990100","0","0","0 (NR)","0","0","1"
"Kittitas","53037975100","1031","3044","33.87","33.81","33.93","5"
"Kittitas","53037975200","535","2095","25.54","25.47","25.6","2"
"Kittitas","53037975300","666","1831","36.37","36.29","36.45","7"
"Kittitas","53037975401","1024","2454","41.73","41.64","41.81","9"
"Kittitas","53037975402","1085","2431","44.63","44.53","44.73","9"
"Kittitas","53037975500","1148","2229","51.5","51.4","51.6","10"
"Kittitas","53037975600","536","1091","49.13","49.02","49.23","10"
"Kittitas","53037975700","518","1778","29.13","29.06","29.21","3"
"Klickitat","53039950100","971","3285","29.56","29.49","29.63","3"
"Klickitat","53039950200","534","1748","30.55","30.48","30.62","4"
"Klickitat","53039950300","864","2830","30.53","30.47","30.6","4"
"Lewis","53041970100","319","1254","25.44","25.37","25.51","2"
"Lewis","53041970200","687","1495","45.95","45.86","46.04","9"
"Lewis","53041970300","745","1917","38.86","38.78","38.95","8"
"Lewis","53041970400","765","2201","34.76","34.67","34.85","6"
"Lewis","53041970500","271","777","34.88","34.8","34.95","6"
"Lewis","53041970600","393","838","46.9","46.78","47.01","10"
"Lewis","53041970700","662","1635","40.49","40.41","40.57","8"
"Lewis","53041970800","794","1613","49.23","49.14","49.31","10"
"Lewis","53041970900","275","600","45.83","45.73","45.93","9"
"Lewis","53041971000","511","1106","46.2","46.09","46.31","10"
"Lewis","53041971100","414","1408","29.4","29.32","29.49","3"
"Lewis","53041971200","359","1124","31.94","31.85","32.03","5"
"Lewis","53041971300","635","2150","29.53","29.46","29.61","3"
"Lewis","53041971400","278","1021","27.23","27.14","27.31","2"
"Lewis","53041971500","818","2574","31.78","31.72","31.84","4"
"Lewis","53041971600","482","1450","33.24","33.16","33.32","5"
"Lewis","53041971700","465","2002","23.23","23.17","23.29","1"
"Lewis","53041971800","405","1816","22.3","22.24","22.37","1"
"Lewis","53041971900","310","1248","24.84","24.77","24.91","2"
"Lewis","53041972000","384","1286","29.86","29.77","29.95","4"
"Lincoln","53043960100","175","671","26.08","25.99","26.17","2"
"Lincoln","53043960200","266","1217","21.86","21.8","21.91","1"
"Lincoln","53043960300","310","1167","26.56","26.51","26.62","2"
"Lincoln","53043960400","348","1315","26.46","26.41","26.52","2"
"Mason","53045940000","58","225","25.78","25.72","25.83","2"
"Mason","53045960100","128","326","39.26","39.14","39.39","8"
"Mason","53045960200","910","2551","35.67","35.58","35.77","6"
"Mason","53045960300","633","2232","28.36","28.28","28.44","3"
"Mason","53045960400","1061","3334","31.82","31.75","31.9","5"
"Mason","53045960500","618","2071","29.84","29.74","29.94","4"
"Mason","53045960600","472","1294","36.48","36.37","36.58","7"
"Mason","53045960700","213","539","39.52","39.42","39.61","8"
"Mason","53045960800","507","1351","37.53","37.44","37.61","7"
"Mason","53045960900","770","1580","48.73","48.64","48.83","10"
"Mason","53045961000","554","2049","27.04","26.97","27.1","2"
"Mason","53045961100","877","2536","34.58","34.5","34.66","6"
"Mason","53045961200","482","1456","33.1","33.01","33.2","5"
"Mason","53045961300","462","1482","31.17","31.09","31.25","4"
"Okanogan","53047940100","229","1051","21.79","21.74","21.84","1"
"Okanogan","53047940200","270","1061","25.45","25.36","25.53","2"
"Okanogan","53047970300","901","3406","26.45","26.39","26.51","2"
"Okanogan","53047970400","423","1540","27.47","27.4","27.54","3"
"Okanogan","53047970500","170","1090","15.6","15.54","15.65","1"
"Okanogan","53047970600","748","2554","29.29","29.22","29.36","3"
"Okanogan","53047970700","433","1718","25.2","25.14","25.27","2"
"Okanogan","53047970800","416","1633","25.47","25.42","25.53","2"
"Okanogan","53047970900","292","903","32.34","32.23","32.44","5"
"Okanogan","53047971000","479","1663","28.8","28.73","28.88","3"
"Pacific","53049950200","536","1751","30.61","30.55","30.68","4"
"Pacific","53049950300","415","1587","26.15","26.09","26.21","2"
"Pacific","53049950400","357","1541","23.17","23.11","23.22","1"
"Pacific","53049950500","339","1153","29.4","29.33","29.48","3"
"Pacific","53049950600","270","664","40.66","40.56","40.76","8"
"Pacific","53049950700","359","1280","28.05","27.97","28.12","3"
"Pacific","53049950800","461","1124","41.01","40.91","41.12","8"
"Pacific","53049990100","0","0","0 (NR)","0","0","1"
"Pend Oreille","53051970100","237","930","25.48","25.41","25.55","2"
"Pend Oreille","53051970200","223","1136","19.63","19.56","19.7","1"
"Pend Oreille","53051970300","482","1333","36.16","36.07","36.25","6"
"Pend Oreille","53051970400","223","995","22.41","22.33","22.5","1"
"Pend Oreille","53051970500","248","1002","24.75","24.67","24.83","2"
"Pierce","53053060200","135","448","30.13","30.03","30.23","4"
"Pierce","53053060300","750","1827","41.05","40.98","41.12","8"
"Pierce","53053060400","474","1580","30","29.92","30.08","4"
"Pierce","53053060500","328","1658","19.78","19.72","19.84","1"
"Pierce","53053060600","762","2665","28.59","28.52","28.66","3"
"Pierce","53053060700","907","2185","41.51","41.41","41.61","8"
"Pierce","53053060800","586","2215","26.46","26.38","26.54","2"
"Pierce","53053060903","493","1414","34.87","34.78","34.96","6"
"Pierce","53053060904","755","2195","34.4","34.32","34.48","6"
"Pierce","53053060905","1395","3054","45.68","45.6","45.76","9"
"Pierce","53053060906","313","919","34.06","33.98","34.14","6"
"Pierce","53053061001","665","1658","40.11","40.03","40.19","8"
"Pierce","53053061002","889","2059","43.18","43.08","43.27","9"
"Pierce","53053061100","1097","2903","37.79","37.72","37.86","7"
"Pierce","53053061200","671","1953","34.36","34.29","34.42","6"
"Pierce","53053061300","964","1797","53.64","53.56","53.73","10"
"Pierce","53053061400","644","1262","51.03","50.94","51.12","10"
"Pierce","53053061500","1292","3096","41.73","41.66","41.8","9"
"Pierce","53053061601","563","1308","43.04","42.96","43.13","9"
"Pierce","53053061602","159","439","36.22","36.11","36.33","6"
"Pierce","53053061700","592","1790","33.07","32.99","33.15","5"
"Pierce","53053061800","426","918","46.41","46.3","46.51","10"
"Pierce","53053061900","322","781","41.23","41.12","41.34","8"
"Pierce","53053062000","810","1620","50","49.91","50.09","10"
"Pierce","53053062300","821","1667","49.25","49.16","49.34","10"
"Pierce","53053062400","1008","2077","48.53","48.44","48.63","10"
"Pierce","53053062500","1104","2506","44.05","43.96","44.15","9"
"Pierce","53053062600","761","1389","54.79","54.67","54.9","10"
"Pierce","53053062801","1355","2727","49.69","49.62","49.76","10"
"Pierce","53053062802","516","1421","36.31","36.22","36.4","7"
"Pierce","53053062900","1291","2926","44.12","44.04","44.2","9"
"Pierce","53053063000","418","1106","37.79","37.7","37.89","7"
"Pierce","53053063100","610","1534","39.77","39.68","39.85","8"
"Pierce","53053063200","919","1908","48.17","48.06","48.27","10"
"Pierce","53053063300","1063","2443","43.51","43.41","43.61","9"
"Pierce","53053063400","1256","2652","47.36","47.27","47.45","10"
"Pierce","53053063501","608","1585","38.36","38.27","38.45","7"
"Pierce","53053063502","763","1658","46.02","45.93","46.11","9"
"Pierce","53053070100","514","1248","41.19","41.09","41.28","8"
"Pierce","53053070203","687","1874","36.66","36.58","36.73","7"
"Pierce","53053070204","414","1246","33.23","33.14","33.32","5"
"Pierce","53053070205","351","1138","30.84","30.76","30.93","4"
"Pierce","53053070206","415","1355","30.63","30.57","30.69","4"
"Pierce","53053070207","740","1802","41.07","40.98","41.15","8"
"Pierce","53053070307","488","1707","28.59","28.51","28.66","3"
"Pierce","53053070308","445","1231","36.15","36.04","36.26","6"
"Pierce","53053070309","559","1956","28.58","28.5","28.65","3"
"Pierce","53053070310","500","1686","29.66","29.58","29.73","3"
"Pierce","53053070311","550","1542","35.67","35.57","35.76","6"
"Pierce","53053070312","420","1692","24.82","24.75","24.89","2"
"Pierce","53053070313","707","2133","33.15","33.06","33.24","5"
"Pierce","53053070314","541","1180","45.85","45.72","45.97","9"
"Pierce","53053070315","559","1884","29.67","29.6","29.74","3"
"Pierce","53053070316","1004","2723","36.87","36.78","36.96","7"
"Pierce","53053070401","310","837","37.04","36.95","37.12","7"
"Pierce","53053070403","410","1436","28.55","28.47","28.64","3"
"Pierce","53053070404","528","1471","35.89","35.79","36","6"
"Pierce","53053070703","929","2431","38.21","38.14","38.29","7"
"Pierce","53053071100","310","921","33.66","33.58","33.73","5"
"Pierce","53053071205","530","1780","29.78","29.71","29.84","3"
"Pierce","53053071206","803","2598","30.91","30.83","30.99","4"
"Pierce","53053071207","1201","2448","49.06","48.97","49.15","10"
"Pierce","53053071208","1201","2901","41.4","41.33","41.47","8"
"Pierce","53053071209","398","1397","28.49","28.41","28.57","3"
"Pierce","53053071210","320","1613","19.84","19.77","19.91","1"
"Pierce","53053071304","840","2263","37.12","37.01","37.22","7"
"Pierce","53053071305","440","1340","32.84","32.74","32.93","5"
"Pierce","53053071306","689","2318","29.72","29.63","29.81","3"
"Pierce","53053071307","671","1725","38.9","38.82","38.98","8"
"Pierce","53053071309","567","1424","39.82","39.72","39.91","8"
"Pierce","53053071310","502","1668","30.1","30.02","30.17","4"
"Pierce","53053071403","509","1575","32.32","32.23","32.4","5"
"Pierce","53053071406","953","2438","39.09","39","39.18","8"
"Pierce","53053071407","831","2089","39.78","39.67","39.89","8"
"Pierce","53053071408","499","1367","36.5","36.42","36.59","7"
"Pierce","53053071409","603","1491","40.44","40.35","40.53","8"
"Pierce","53053071410","725","2443","29.68","29.59","29.76","3"
"Pierce","53053071411","577","1589","36.31","36.23","36.4","7"
"Pierce","53053071503","944","2167","43.56","43.47","43.66","9"
"Pierce","53053071504","594","1464","40.57","40.48","40.67","8"
"Pierce","53053071505","720","1971","36.53","36.45","36.61","7"
"Pierce","53053071506","645","1829","35.27","35.18","35.35","6"
"Pierce","53053071601","834","1791","46.57","46.48","46.65","10"
"Pierce","53053071602","1245","2734","45.54","45.45","45.63","9"
"Pierce","53053071703","811","1591","50.97","50.88","51.07","10"
"Pierce","53053071704","781","1746","44.73","44.65","44.81","9"
"Pierce","53053071705","661","1363","48.5","48.39","48.6","10"
"Pierce","53053071706","325","768","42.32","42.2","42.44","9"
"Pierce","53053071707","470","1044","45.02","44.92","45.12","9"
"Pierce","53053071803","1339","2584","51.82","51.73","51.91","10"
"Pierce","53053071805","657","1420","46.27","46.17","46.37","10"
"Pierce","53053071806","980","1732","56.58","56.5","56.66","10"
"Pierce","53053071807","618","1526","40.5","40.41","40.58","8"
"Pierce","53053071808","614","1601","38.35","38.26","38.45","7"
"Pierce","53053071901","889","2160","41.16","41.06","41.26","8"
"Pierce","53053071902","664","2061","32.22","32.13","32.3","5"
"Pierce","53053072000","1078","1872","57.59","57.48","57.69","10"
"Pierce","53053072105","568","1885","30.13","30.07","30.19","4"
"Pierce","53053072106","1160","2846","40.76","40.69","40.83","8"
"Pierce","53053072107","529","1665","31.77","31.7","31.84","4"
"Pierce","53053072108","966","2169","44.54","44.43","44.64","9"
"Pierce","53053072109","525","1523","34.47","34.4","34.55","6"
"Pierce","53053072111","354","990","35.76","35.66","35.86","6"
"Pierce","53053072112","624","1776","35.14","35.06","35.21","6"
"Pierce","53053072305","1098","2526","43.47","43.38","43.56","9"
"Pierce","53053072307","825","1858","44.4","44.32","44.49","9"
"Pierce","53053072308","1080","2830","38.16","38.08","38.25","7"
"Pierce","53053072309","847","2336","36.26","36.19","36.33","7"
"Pierce","53053072310","616","1522","40.47","40.4","40.55","8"
"Pierce","53053072311","741","1900","39","38.94","39.06","8"
"Pierce","53053072312","893","2200","40.59","40.48","40.7","8"
"Pierce","53053072313","455","1393","32.66","32.58","32.75","5"
"Pierce","53053072405","302","1500","20.13","20.07","20.2","1"
"Pierce","53053072406","545","2068","26.35","26.28","26.43","2"
"Pierce","53053072407","805","1880","42.82","42.71","42.93","9"
"Pierce","53053072408","867","2272","38.16","38.08","38.24","7"
"Pierce","53053072409","268","955","28.06","27.99","28.14","3"
"Pierce","53053072410","482","1354","35.6","35.51","35.69","6"
"Pierce","53053072503","453","1627","27.84","27.78","27.91","3"
"Pierce","53053072504","526","1503","35","34.92","35.07","6"
"Pierce","53053072505","906","2816","32.17","32.1","32.25","5"
"Pierce","53053072506","506","1286","39.35","39.25","39.44","8"
"Pierce","53053072507","466","1312","35.52","35.44","35.6","6"
"Pierce","53053072601","618","1929","32.04","31.96","32.11","5"
"Pierce","53053072602","571","1585","36.03","35.94","36.11","6"
"Pierce","53053072603","837","1876","44.62","44.51","44.73","9"
"Pierce","53053072800","1265","3290","38.45","38.37","38.52","7"
"Pierce","53053072901","464","784","59.18","59.08","59.29","10"
"Pierce","53053072903","315","540","58.33","58.19","58.47","10"
"Pierce","53053072905","1136","1691","67.18","67.07","67.29","10"
"Pierce","53053072906","7","28","25 (NR)","24.11","25.89","2"
"Pierce","53053072907","936","1414","66.2","66.06","66.33","10"
"Pierce","53053073001","673","2134","31.54","31.45","31.63","4"
"Pierce","53053073005","860","2129","40.39","40.27","40.52","8"
"Pierce","53053073006","441","1392","31.68","31.59","31.77","4"
"Pierce","53053073108","874","2585","33.81","33.73","33.89","5"
"Pierce","53053073110","285","1329","21.44","21.38","21.51","1"
"Pierce","53053073111","478","1437","33.26","33.19","33.34","5"
"Pierce","53053073113","650","2146","30.29","30.2","30.37","4"
"Pierce","53053073114","682","1770","38.53","38.44","38.62","7"
"Pierce","53053073115","541","1503","35.99","35.91","36.07","6"
"Pierce","53053073116","479","1325","36.15","36.06","36.24","6"
"Pierce","53053073117","420","1340","31.34","31.25","31.44","4"
"Pierce","53053073118","540","1482","36.44","36.36","36.52","7"
"Pierce","53053073119","370","1186","31.2","31.11","31.28","4"
"Pierce","53053073120","549","1326","41.4","41.29","41.52","8"
"Pierce","53053073121","588","1662","35.38","35.29","35.47","6"
"Pierce","53053073122","571","1494","38.22","38.12","38.32","7"
"Pierce","53053073123","497","1491","33.33","33.25","33.42","5"
"Pierce","53053073124","412","1236","33.33","33.22","33.45","5"
"Pierce","53053073125","1129","3214","35.13","35.04","35.21","6"
"Pierce","53053073126","304","1092","27.84","27.74","27.94","3"
"Pierce","53053073200","943","2579","36.56","36.48","36.65","7"
"Pierce","53053073301","802","2264","35.42","35.34","35.51","6"
"Pierce","53053073302","455","1667","27.29","27.23","27.36","3"
"Pierce","53053073404","804","2339","34.37","34.3","34.45","6"
"Pierce","53053073405","432","1365","31.65","31.57","31.73","4"
"Pierce","53053073406","721","2108","34.2","34.11","34.3","6"
"Pierce","53053073407","467","1552","30.09","30","30.18","4"
"Pierce","53053073408","623","1666","37.39","37.31","37.48","7"
"Pierce","53053073500","999","2744","36.41","36.32","36.49","7"
"Pierce","53053940001","391","1060","36.89","36.82","36.95","7"
"Pierce","53053940002","517","1368","37.79","37.74","37.85","7"
"Pierce","53053940003","1102","2650","41.58","41.54","41.63","8"
"Pierce","53053940004","789","2553","30.9","30.86","30.95","4"
"Pierce","53053940005","763","1965","38.83","38.78","38.88","8"
"Pierce","53053940006","382","891","42.87","42.8","42.94","9"
"Pierce","53053940007","440","943","46.66","46.59","46.73","10"
"Pierce","53053940008","824","2206","37.35","37.31","37.39","7"
"Pierce","53053940009","347","1099","31.57","31.5","31.65","4"
"Pierce","53053940010","602","1806","33.33","33.26","33.41","5"
"Pierce","53053940011","422","1632","25.86","25.82","25.9","2"
"San Juan","53055960100","992","2733","36.3","36.27","36.33","7"
"San Juan","53055960300","758","2179","34.79","34.76","34.82","6"
"San Juan","53055960400","515","1356","37.98","37.93","38.02","7"
"San Juan","53055960500","448","1440","31.11","31.07","31.15","4"
"San Juan","53055990100","0","0","0 (NR)","0","0","1"
"Skagit","53057940200","354","1019","34.74","34.69","34.79","6"
"Skagit","53057940300","612","2061","29.69","29.66","29.72","3"
"Skagit","53057940400","868","2898","29.95","29.93","29.97","4"
"Skagit","53057940500","475","1113","42.68","42.63","42.73","9"
"Skagit","53057940600","309","766","40.34","40.29","40.39","8"
"Skagit","53057940700","259","711","36.43","36.38","36.48","7"
"Skagit","53057940800","416","1241","33.52","33.49","33.55","5"
"Skagit","53057950100","153","409","37.41","37.34","37.48","7"
"Skagit","53057950800","800","2376","33.67","33.59","33.75","5"
"Skagit","53057950900","388","1409","27.54","27.46","27.62","3"
"Skagit","53057951000","319","1068","29.87","29.79","29.95","4"
"Skagit","53057951100","727","1956","37.17","37.09","37.24","7"
"Skagit","53057951200","463","1181","39.2","39.12","39.29","8"
"Skagit","53057951300","294","697","42.18","42.09","42.28","9"
"Skagit","53057951400","593","1520","39.01","38.92","39.1","8"
"Skagit","53057951500","1573","3603","43.66","43.58","43.74","9"
"Skagit","53057951600","481","1612","29.84","29.75","29.93","4"
"Skagit","53057951700","499","1521","32.81","32.72","32.9","5"
"Skagit","53057951800","1023","1840","55.6","55.49","55.7","10"
"Skagit","53057951900","331","1417","23.36","23.29","23.42","1"
"Skagit","53057952100","535","1346","39.75","39.67","39.82","8"
"Skagit","53057952200","686","1594","43.04","42.96","43.11","9"
"Skagit","53057952301","798","1589","50.22","50.11","50.33","10"
"Skagit","53057952302","1237","3117","39.69","39.61","39.76","8"
"Skagit","53057952401","491","1149","42.73","42.61","42.86","9"
"Skagit","53057952402","1090","2763","39.45","39.37","39.53","8"
"Skagit","53057952500","420","1045","40.19","40.08","40.3","8"
"Skagit","53057952600","519","1516","34.23","34.15","34.32","6"
"Skagit","53057952700","391","1304","29.98","29.92","30.05","4"
"Skagit","53057990100","0","0","0 (NR)","0","0","1"
"Skamania","53059950100","26","73","35.62","35.2","36.04","6"
"Skamania","53059950200","534","1865","28.63","28.58","28.69","3"
"Skamania","53059950300","227","825","27.52","27.45","27.58","3"
"Skamania","53059950400","196","847","23.14","23.06","23.22","1"
"Skamania","53059950500","389","885","43.95","43.86","44.05","9"
"Snohomish","53061040100","445","1652","26.94","26.87","27","2"
"Snohomish","53061040200","1218","2550","47.76","47.67","47.86","10"
"Snohomish","53061040300","652","1281","50.9","50.8","51","10"
"Snohomish","53061040400","818","1819","44.97","44.88","45.06","9"
"Snohomish","53061040500","356","916","38.86","38.79","38.94","8"
"Snohomish","53061040700","909","1860","48.87","48.79","48.95","10"
"Snohomish","53061040800","503","1239","40.6","40.5","40.7","8"
"Snohomish","53061040900","392","1181","33.19","33.1","33.28","5"
"Snohomish","53061041000","1075","2386","45.05","44.95","45.16","9"
"Snohomish","53061041100","756","1857","40.71","40.62","40.8","8"
"Snohomish","53061041201","399","1167","34.19","34.1","34.28","6"
"Snohomish","53061041202","1237","2345","52.75","52.65","52.85","10"
"Snohomish","53061041301","678","1985","34.16","34.07","34.25","6"
"Snohomish","53061041303","583","1819","32.05","31.96","32.14","5"
"Snohomish","53061041304","242","1054","22.96","22.88","23.04","1"
"Snohomish","53061041400","900","1999","45.02","44.91","45.13","9"
"Snohomish","53061041500","184","528","34.85","34.74","34.96","6"
"Snohomish","53061041601","823","2052","40.11","40.03","40.18","8"
"Snohomish","53061041605","534","2046","26.1","26.02","26.18","2"
"Snohomish","53061041606","850","1920","44.27","44.19","44.35","9"
"Snohomish","53061041607","256","1224","20.92","20.84","20.99","1"
"Snohomish","53061041608","554","2244","24.69","24.61","24.76","2"
"Snohomish","53061041701","1095","2307","47.46","47.37","47.56","10"
"Snohomish","53061041703","598","1856","32.22","32.13","32.31","5"
"Snohomish","53061041704","904","2214","40.83","40.73","40.93","8"
"Snohomish","53061041805","1150","2327","49.42","49.31","49.53","10"
"Snohomish","53061041806","1428","3024","47.22","47.12","47.32","10"
"Snohomish","53061041808","750","1695","44.25","44.16","44.34","9"
"Snohomish","53061041809","858","1951","43.98","43.88","44.07","9"
"Snohomish","53061041810","897","2004","44.76","44.65","44.87","9"
"Snohomish","53061041811","937","2497","37.53","37.43","37.62","7"
"Snohomish","53061041812","949","2344","40.49","40.39","40.59","8"
"Snohomish","53061041901","661","1497","44.15","44.06","44.25","9"
"Snohomish","53061041903","1219","2979","40.92","40.84","41","8"
"Snohomish","53061041904","1390","2273","61.15","61.04","61.27","10"
"Snohomish","53061041905","836","2415","34.62","34.54","34.7","6"
"Snohomish","53061042001","636","2165","29.38","29.31","29.44","3"
"Snohomish","53061042003","418","1180","35.42","35.32","35.53","6"
"Snohomish","53061042004","555","1583","35.06","34.97","35.15","6"
"Snohomish","53061042005","583","1825","31.95","31.88","32.01","5"
"Snohomish","53061042006","790","2136","36.99","36.89","37.08","7"
"Snohomish","53061050101","296","957","30.93","30.86","31","4"
"Snohomish","53061050102","1142","2207","51.74","51.63","51.86","10"
"Snohomish","53061050200","510","1586","32.16","32.08","32.24","5"
"Snohomish","53061050300","623","2048","30.42","30.34","30.5","4"
"Snohomish","53061050401","776","2953","26.28","26.21","26.34","2"
"Snohomish","53061050402","748","2345","31.9","31.81","31.98","5"
"Snohomish","53061050500","1438","3703","38.83","38.77","38.9","8"
"Snohomish","53061050600","139","425","32.71","32.63","32.78","5"
"Snohomish","53061050700","872","2649","32.92","32.84","32.99","5"
"Snohomish","53061050800","916","2503","36.6","36.51","36.68","7"
"Snohomish","53061050900","549","1455","37.73","37.65","37.81","7"
"Snohomish","53061051000","573","1768","32.41","32.34","32.48","5"
"Snohomish","53061051100","632","1587","39.82","39.73","39.92","8"
"Snohomish","53061051200","718","1708","42.04","41.96","42.12","9"
"Snohomish","53061051300","1031","2870","35.92","35.85","36","6"
"Snohomish","53061051400","1620","3128","51.79","51.69","51.89","10"
"Snohomish","53061051500","979","2232","43.86","43.76","43.96","9"
"Snohomish","53061051601","516","1580","32.66","32.58","32.74","5"
"Snohomish","53061051602","560","1553","36.06","35.97","36.15","6"
"Snohomish","53061051701","1067","2463","43.32","43.24","43.41","9"
"Snohomish","53061051702","692","1590","43.52","43.44","43.6","9"
"Snohomish","53061051802","760","2027","37.49","37.42","37.57","7"
"Snohomish","53061051803","1462","2467","59.26","59.15","59.37","10"
"Snohomish","53061051804","568","1664","34.13","34.05","34.21","6"
"Snohomish","53061051905","1362","3170","42.97","42.88","43.05","9"
"Snohomish","53061051912","257","828","31.04","30.96","31.12","4"
"Snohomish","53061051913","454","1522","29.83","29.76","29.9","4"
"Snohomish","53061051914","518","1597","32.44","32.36","32.51","5"
"Snohomish","53061051915","731","2615","27.95","27.88","28.03","3"
"Snohomish","53061051916","337","1332","25.3","25.23","25.37","2"
"Snohomish","53061051917","415","1531","27.11","27.04","27.17","2"
"Snohomish","53061051918","477","1892","25.21","25.14","25.29","2"
"Snohomish","53061051921","739","1783","41.45","41.35","41.54","8"
"Snohomish","53061051922","642","1649","38.93","38.83","39.03","8"
"Snohomish","53061051923","691","2130","32.44","32.35","32.53","5"
"Snohomish","53061051924","871","2494","34.92","34.83","35.02","6"
"Snohomish","53061051925","834","2677","31.15","31.07","31.23","4"
"Snohomish","53061051926","470","1662","28.28","28.19","28.37","3"
"Snohomish","53061051927","520","1671","31.12","31.04","31.19","4"
"Snohomish","53061051928","711","1930","36.84","36.75","36.93","7"
"Snohomish","53061052003","742","2824","26.27","26.19","26.35","2"
"Snohomish","53061052004","821","2469","33.25","33.18","33.33","5"
"Snohomish","53061052005","773","2510","30.8","30.72","30.87","4"
"Snohomish","53061052006","450","1429","31.49","31.4","31.58","4"
"Snohomish","53061052007","498","1634","30.48","30.41","30.55","4"
"Snohomish","53061052104","334","1204","27.74","27.66","27.82","3"
"Snohomish","53061052105","197","622","31.67","31.57","31.77","4"
"Snohomish","53061052107","396","1596","24.81","24.74","24.89","2"
"Snohomish","53061052108","813","2122","38.31","38.21","38.41","7"
"Snohomish","53061052112","299","906","33","32.92","33.09","5"
"Snohomish","53061052113","414","1068","38.76","38.66","38.87","8"
"Snohomish","53061052114","474","1559","30.4","30.32","30.48","4"
"Snohomish","53061052115","594","2247","26.44","26.36","26.51","2"
"Snohomish","53061052118","828","2396","34.56","34.47","34.64","6"
"Snohomish","53061052203","412","1640","25.12","25.05","25.19","2"
"Snohomish","53061052204","521","1608","32.4","32.32","32.48","5"
"Snohomish","53061052206","371","1463","25.36","25.29","25.43","2"
"Snohomish","53061052207","588","1869","31.46","31.39","31.53","4"
"Snohomish","53061052208","489","1439","33.98","33.9","34.07","5"
"Snohomish","53061052209","474","939","50.48","50.37","50.59","10"
"Snohomish","53061052301","512","1633","31.35","31.29","31.42","4"
"Snohomish","53061052302","464","1281","36.22","36.14","36.31","6"
"Snohomish","53061052401","507","1590","31.89","31.81","31.96","5"
"Snohomish","53061052402","816","1740","46.9","46.8","46.99","10"
"Snohomish","53061052502","619","1709","36.22","36.14","36.3","6"
"Snohomish","53061052503","892","2417","36.91","36.82","36.99","7"
"Snohomish","53061052504","344","900","38.22","38.14","38.3","7"
"Snohomish","53061052603","321","783","41","40.9","41.1","8"
"Snohomish","53061052604","426","1664","25.6","25.53","25.67","2"
"Snohomish","53061052605","689","2077","33.17","33.07","33.27","5"
"Snohomish","53061052606","889","1859","47.82","47.73","47.91","10"
"Snohomish","53061052607","562","1871","30.04","29.97","30.11","4"
"Snohomish","53061052701","183","543","33.7","33.59","33.81","5"
"Snohomish","53061052705","573","2613","21.93","21.87","21.99","1"
"Snohomish","53061052706","738","1980","37.27","37.18","37.36","7"
"Snohomish","53061052707","426","1293","32.95","32.84","33.05","5"
"Snohomish","53061052708","505","1699","29.72","29.65","29.8","3"
"Snohomish","53061052709","394","1141","34.53","34.42","34.64","6"
"Snohomish","53061052803","817","2018","40.49","40.4","40.57","8"
"Snohomish","53061052804","870","2556","34.04","33.94","34.13","6"
"Snohomish","53061052805","789","1750","45.09","45","45.17","9"
"Snohomish","53061052806","753","2513","29.96","29.88","30.05","4"
"Snohomish","53061052903","792","1654","47.88","47.8","47.97","10"
"Snohomish","53061052904","816","2008","40.64","40.53","40.75","8"
"Snohomish","53061052905","909","1882","48.3","48.21","48.39","10"
"Snohomish","53061052906","790","1737","45.48","45.39","45.57","9"
"Snohomish","53061053101","379","1351","28.05","27.98","28.13","3"
"Snohomish","53061053102","656","1779","36.87","36.79","36.96","7"
"Snohomish","53061053201","552","1477","37.37","37.3","37.45","7"
"Snohomish","53061053202","526","1581","33.27","33.19","33.35","5"
"Snohomish","53061053301","913","2432","37.54","37.45","37.63","7"
"Snohomish","53061053302","596","2022","29.48","29.39","29.56","3"
"Snohomish","53061053400","511","2028","25.2","25.13","25.27","2"
"Snohomish","53061053504","1063","2639","40.28","40.19","40.38","8"
"Snohomish","53061053505","567","1839","30.83","30.76","30.9","4"
"Snohomish","53061053506","705","2021","34.88","34.81","34.96","6"
"Snohomish","53061053507","536","1603","33.44","33.35","33.52","5"
"Snohomish","53061053508","361","1212","29.79","29.69","29.88","3"
"Snohomish","53061053509","544","1453","37.44","37.34","37.54","7"
"Snohomish","53061053602","749","2108","35.53","35.44","35.62","6"
"Snohomish","53061053603","520","1390","37.41","37.31","37.51","7"
"Snohomish","53061053604","642","1677","38.28","38.18","38.38","7"
"Snohomish","53061053700","451","1253","35.99","35.92","36.06","6"
"Snohomish","53061053801","456","1397","32.64","32.58","32.7","5"
"Snohomish","53061053802","728","2000","36.4","36.33","36.47","7"
"Snohomish","53061053803","650","2066","31.46","31.4","31.53","4"
"Snohomish","53061940001","760","2301","33.03","32.99","33.07","5"
"Snohomish","53061940002","405","1335","30.34","30.28","30.39","4"
"Snohomish","53061990002","0","0","0 (NR)","0","0","1"
"Snohomish","53061990100","0","0","0 (NR)","0","0","1"
"Spokane","53063000200","786","1885","41.7","41.62","41.77","9"
"Spokane","53063000300","954","1873","50.93","50.83","51.04","10"
"Spokane","53063000400","780","1712","45.56","45.48","45.65","9"
"Spokane","53063000500","410","1390","29.5","29.41","29.58","3"
"Spokane","53063000600","384","1260","30.48","30.39","30.56","4"
"Spokane","53063000700","814","2035","40","39.91","40.09","8"
"Spokane","53063000800","583","1839","31.7","31.64","31.77","4"
"Spokane","53063000900","783","2468","31.73","31.65","31.8","4"
"Spokane","53063001000","613","2362","25.95","25.88","26.02","2"
"Spokane","53063001100","390","1426","27.35","27.28","27.42","3"
"Spokane","53063001200","355","893","39.75","39.66","39.85","8"
"Spokane","53063001300","549","1503","36.53","36.44","36.61","7"
"Spokane","53063001400","1111","2361","47.06","46.95","47.16","10"
"Spokane","53063001500","767","1995","38.45","38.34","38.55","7"
"Spokane","53063001600","467","1416","32.98","32.9","33.06","5"
"Spokane","53063001800","524","1278","41","40.92","41.09","8"
"Spokane","53063001900","653","1555","41.99","41.91","42.08","9"
"Spokane","53063002000","845","1630","51.84","51.75","51.93","10"
"Spokane","53063002100","492","1006","48.91","48.81","49.01","10"
"Spokane","53063002300","936","2144","43.66","43.55","43.76","9"
"Spokane","53063002400","627","1076","58.27","58.15","58.39","10"
"Spokane","53063002500","1303","2075","62.8","62.69","62.9","10"
"Spokane","53063002600","1036","2045","50.66","50.53","50.79","10"
"Spokane","53063002900","313","1156","27.08","26.99","27.17","2"
"Spokane","53063003000","431","959","44.94","44.86","45.03","9"
"Spokane","53063003100","679","1968","34.5","34.4","34.61","6"
"Spokane","53063003200","647","1512","42.79","42.7","42.88","9"
"Spokane","53063003500","596","1568","38.01","37.93","38.09","7"
"Spokane","53063003600","1049","2375","44.17","44.08","44.25","9"
"Spokane","53063003800","284","807","35.19","35.1","35.28","6"
"Spokane","53063003900","302","990","30.51","30.42","30.59","4"
"Spokane","53063004000","1013","2616","38.72","38.64","38.81","8"
"Spokane","53063004100","369","1094","33.73","33.63","33.83","5"
"Spokane","53063004200","333","1933","17.23","17.18","17.28","1"
"Spokane","53063004300","287","1464","19.6","19.53","19.67","1"
"Spokane","53063004400","726","1988","36.52","36.42","36.62","7"
"Spokane","53063004500","361","1434","25.17","25.1","25.25","2"
"Spokane","53063004601","561","1810","30.99","30.93","31.06","4"
"Spokane","53063004602","374","1133","33.01","32.92","33.1","5"
"Spokane","53063004700","982","2773","35.41","35.34","35.49","6"
"Spokane","53063004800","674","1752","38.47","38.39","38.55","7"
"Spokane","53063004900","727","2432","29.89","29.82","29.97","4"
"Spokane","53063005000","676","1797","37.62","37.54","37.7","7"
"Spokane","53063010100","495","2276","21.75","21.68","21.82","1"
"Spokane","53063010201","469","1487","31.54","31.46","31.62","4"
"Spokane","53063010202","394","2446","16.11","16.05","16.17","1"
"Spokane","53063010301","619","1569","39.45","39.36","39.54","8"
"Spokane","53063010303","266","1151","23.11","23.02","23.2","1"
"Spokane","53063010304","562","2036","27.6","27.52","27.69","3"
"Spokane","53063010305","622","2037","30.54","30.44","30.63","4"
"Spokane","53063010401","749","1452","51.58","51.51","51.66","10"
"Spokane","53063010402","646","2553","25.3","25.23","25.37","2"
"Spokane","53063010501","1269","3101","40.92","40.84","41","8"
"Spokane","53063010503","523","2574","20.32","20.25","20.39","1"
"Spokane","53063010504","278","1259","22.08","22.01","22.15","1"
"Spokane","53063010601","292","1392","20.98","20.91","21.05","1"
"Spokane","53063010602","728","2866","25.4","25.33","25.47","2"
"Spokane","53063010700","602","2233","26.96","26.88","27.03","2"
"Spokane","53063010800","391","877","44.58","44.49","44.68","9"
"Spokane","53063010900","387","1424","27.18","27.1","27.25","2"
"Spokane","53063011000","407","1476","27.57","27.5","27.65","3"
"Spokane","53063011101","1707","2870","59.48","59.38","59.57","10"
"Spokane","53063011102","820","1585","51.74","51.65","51.82","10"
"Spokane","53063011201","1332","3458","38.52","38.45","38.59","7"
"Spokane","53063011202","499","1611","30.97","30.9","31.05","4"
"Spokane","53063011300","851","2975","28.61","28.53","28.68","3"
"Spokane","53063011400","684","2249","30.41","30.31","30.51","4"
"Spokane","53063011500","238","561","42.42","42.31","42.54","9"
"Spokane","53063011600","192","729","26.34","26.28","26.39","2"
"Spokane","53063011701","356","979","36.36","36.27","36.46","7"
"Spokane","53063011702","1183","2561","46.19","46.09","46.29","10"
"Spokane","53063011800","1122","2239","50.11","50.01","50.21","10"
"Spokane","53063011900","748","1699","44.03","43.93","44.12","9"
"Spokane","53063012000","726","1794","40.47","40.38","40.56","8"
"Spokane","53063012100","447","1134","39.42","39.32","39.52","8"
"Spokane","53063012200","317","997","31.8","31.73","31.86","4"
"Spokane","53063012300","962","2426","39.65","39.54","39.76","8"
"Spokane","53063012401","429","1567","27.38","27.31","27.44","3"
"Spokane","53063012402","592","2291","25.84","25.76","25.92","2"
"Spokane","53063012500","659","1582","41.66","41.57","41.75","8"
"Spokane","53063012600","446","1571","28.39","28.32","28.46","3"
"Spokane","53063012701","627","1629","38.49","38.41","38.57","7"
"Spokane","53063012702","129","808","15.97","15.91","16.02","1"
"Spokane","53063012801","414","1584","26.14","26.07","26.2","2"
"Spokane","53063012802","246","1282","19.19","19.12","19.26","1"
"Spokane","53063012901","461","1181","39.03","38.94","39.13","8"
"Spokane","53063012902","676","2557","26.44","26.37","26.51","2"
"Spokane","53063013000","1166","3076","37.91","37.83","37.98","7"
"Spokane","53063013100","1547","3988","38.79","38.72","38.87","8"
"Spokane","53063013201","829","2779","29.83","29.76","29.91","4"
"Spokane","53063013202","1010","3665","27.56","27.5","27.62","3"
"Spokane","53063013300","224","1102","20.33","20.26","20.39","1"
"Spokane","53063013401","489","1739","28.12","28.06","28.18","3"
"Spokane","53063013500","915","3133","29.21","29.14","29.27","3"
"Spokane","53063013600","501","1791","27.97","27.9","28.05","3"
"Spokane","53063013700","489","1524","32.09","32","32.18","5"
"Spokane","53063013800","270","731","36.94","36.84","37.04","7"
"Spokane","53063013900","659","2074","31.77","31.69","31.86","4"
"Spokane","53063014001","765","1663","46","45.93","46.07","9"
"Spokane","53063014002","952","1981","48.06","47.97","48.14","10"
"Spokane","53063014100","656","2255","29.09","29.01","29.18","3"
"Spokane","53063014200","376","1342","28.02","27.93","28.1","3"
"Spokane","53063014300","283","1139","24.85","24.8","24.89","2"
"Spokane","53063014400","534","1834","29.12","29.04","29.2","3"
"Spokane","53063014500","338","739","45.74","45.64","45.84","9"
"Stevens","53065941000","160","793","20.18","20.13","20.22","1"
"Stevens","53065950100","1009","3073","32.83","32.77","32.9","5"
"Stevens","53065950200","450","1415","31.8","31.72","31.88","4"
"Stevens","53065950300","430","1248","34.46","34.37","34.54","6"
"Stevens","53065950500","373","1007","37.04","36.96","37.12","7"
"Stevens","53065950600","272","1001","27.17","27.11","27.23","2"
"Stevens","53065950700","551","1203","45.8","45.7","45.9","9"
"Stevens","53065950800","326","1258","25.91","25.84","25.99","2"
"Stevens","53065950900","129","664","19.43","19.37","19.48","1"
"Stevens","53065951100","516","1456","35.44","35.37","35.51","6"
"Stevens","53065951300","431","1569","27.47","27.41","27.53","3"
"Stevens","53065951400","1003","2992","33.52","33.44","33.6","5"
"Thurston","53067010100","900","1970","45.69","45.61","45.76","9"
"Thurston","53067010200","620","2209","28.07","27.99","28.14","3"
"Thurston","53067010300","901","2199","40.97","40.88","41.07","8"
"Thurston","53067010400","432","1504","28.72","28.66","28.79","3"
"Thurston","53067010510","532","835","63.71","63.6","63.83","10"
"Thurston","53067010520","1225","2688","45.57","45.48","45.67","9"
"Thurston","53067010600","952","2525","37.7","37.61","37.8","7"
"Thurston","53067010700","766","2101","36.46","36.36","36.56","7"
"Thurston","53067010800","1138","2987","38.1","38.01","38.18","7"
"Thurston","53067010910","1138","3109","36.6","36.51","36.7","7"
"Thurston","53067010920","768","1846","41.6","41.53","41.68","8"
"Thurston","53067011000","429","1884","22.77","22.71","22.83","1"
"Thurston","53067011100","600","1525","39.34","39.26","39.42","8"
"Thurston","53067011200","1065","2246","47.42","47.33","47.5","10"
"Thurston","53067011300","882","2134","41.33","41.23","41.43","8"
"Thurston","53067011410","616","1944","31.69","31.6","31.77","4"
"Thurston","53067011420","755","2551","29.6","29.52","29.68","3"
"Thurston","53067011500","685","2221","30.84","30.75","30.94","4"
"Thurston","53067011610","675","2663","25.35","25.28","25.42","2"
"Thurston","53067011621","1040","3115","33.39","33.31","33.46","5"
"Thurston","53067011622","608","1582","38.43","38.32","38.54","7"
"Thurston","53067011623","904","2330","38.8","38.69","38.91","8"
"Thurston","53067011624","456","1435","31.78","31.68","31.87","4"
"Thurston","53067011710","711","3010","23.62","23.56","23.68","1"
"Thurston","53067011720","488","1754","27.82","27.75","27.89","3"
"Thurston","53067011810","310","1336","23.2","23.13","23.28","1"
"Thurston","53067011821","440","1431","30.75","30.67","30.83","4"
"Thurston","53067011822","406","1547","26.24","26.17","26.32","2"
"Thurston","53067011900","837","3044","27.5","27.43","27.56","3"
"Thurston","53067012000","639","2501","25.55","25.48","25.62","2"
"Thurston","53067012100","409","1727","23.68","23.63","23.74","1"
"Thurston","53067012211","266","941","28.27","28.19","28.35","3"
"Thurston","53067012212","1169","3145","37.17","37.09","37.25","7"
"Thurston","53067012221","610","2091","29.17","29.1","29.25","3"
"Thurston","53067012222","1137","3181","35.74","35.68","35.81","6"
"Thurston","53067012310","915","3541","25.84","25.78","25.9","2"
"Thurston","53067012320","308","1075","28.65","28.56","28.74","3"
"Thurston","53067012330","529","1910","27.7","27.64","27.76","3"
"Thurston","53067012411","1281","2808","45.62","45.53","45.71","9"
"Thurston","53067012412","721","1627","44.31","44.21","44.42","9"
"Thurston","53067012420","404","1584","25.51","25.43","25.58","2"
"Thurston","53067012510","490","1160","42.24","42.12","42.37","9"
"Thurston","53067012520","1021","2681","38.08","37.99","38.17","7"
"Thurston","53067012530","448","1479","30.29","30.22","30.36","4"
"Thurston","53067012610","852","2354","36.19","36.11","36.28","6"
"Thurston","53067012620","734","1815","40.44","40.37","40.51","8"
"Thurston","53067012710","268","788","34.01","33.91","34.11","5"
"Thurston","53067012720","841","2319","36.27","36.16","36.38","7"
"Thurston","53067012730","908","2179","41.67","41.55","41.79","9"
"Thurston","53067990100","0","0","0 (NR)","0","0","1"
"Wahkiakum","53069950100","505","1716","29.43","29.36","29.5","3"
"Walla Walla","53071920000","362","1702","21.27","21.2","21.34","1"
"Walla Walla","53071920100","556","1838","30.25","30.19","30.31","4"
"Walla Walla","53071920200","331","1376","24.06","23.98","24.13","1"
"Walla Walla","53071920300","957","3437","27.84","27.77","27.92","3"
"Walla Walla","53071920400","0","4","0 (NR)","0","7.35","1"
"Walla Walla","53071920500","425","949","44.78","44.7","44.87","9"
"Walla Walla","53071920600","1060","2354","45.03","44.93","45.13","9"
"Walla Walla","53071920701","822","1840","44.67","44.59","44.76","9"
"Walla Walla","53071920702","487","1853","26.28","26.22","26.35","2"
"Walla Walla","53071920801","675","1914","35.27","35.17","35.36","6"
"Walla Walla","53071920802","528","1094","48.26","48.15","48.38","10"
"Walla Walla","53071920900","850","3335","25.49","25.43","25.55","2"
"Whatcom","53073000100","1401","4054","34.56","34.5","34.62","6"
"Whatcom","53073000200","1846","4221","43.73","43.65","43.82","9"
"Whatcom","53073000300","1461","3428","42.62","42.55","42.69","9"
"Whatcom","53073000400","737","2613","28.21","28.14","28.27","3"
"Whatcom","53073000501","796","2057","38.7","38.61","38.79","8"
"Whatcom","53073000502","524","1206","43.45","43.35","43.55","9"
"Whatcom","53073000600","423","806","52.48","52.4","52.56","10"
"Whatcom","53073000700","1237","2526","48.97","48.87","49.07","10"
"Whatcom","53073000803","879","2423","36.28","36.19","36.36","7"
"Whatcom","53073000804","542","2350","23.06","22.99","23.14","1"
"Whatcom","53073000805","738","2010","36.72","36.62","36.81","7"
"Whatcom","53073000806","1066","3288","32.42","32.35","32.5","5"
"Whatcom","53073000901","1225","2689","45.56","45.47","45.64","9"
"Whatcom","53073000902","893","2302","38.79","38.69","38.89","8"
"Whatcom","53073001000","976","1590","61.38","61.28","61.48","10"
"Whatcom","53073001100","1266","3133","40.41","40.34","40.48","8"
"Whatcom","53073001201","1850","3006","61.54","61.45","61.63","10"
"Whatcom","53073001202","779","1761","44.24","44.15","44.32","9"
"Whatcom","53073010100","1033","3025","34.15","34.08","34.21","6"
"Whatcom","53073010200","958","2921","32.8","32.74","32.85","5"
"Whatcom","53073010301","723","2375","30.44","30.37","30.52","4"
"Whatcom","53073010302","642","1960","32.76","32.69","32.82","5"
"Whatcom","53073010303","702","1955","35.91","35.83","35.99","6"
"Whatcom","53073010401","1054","3193","33.01","32.95","33.07","5"
"Whatcom","53073010403","606","2152","28.16","28.08","28.24","3"
"Whatcom","53073010404","882","2557","34.49","34.42","34.57","6"
"Whatcom","53073010501","1001","2715","36.87","36.79","36.95","7"
"Whatcom","53073010502","1092","2768","39.45","39.37","39.54","8"
"Whatcom","53073010600","640","2255","28.38","28.3","28.46","3"
"Whatcom","53073010701","715","2159","33.12","33.04","33.2","5"
"Whatcom","53073010702","454","1355","33.51","33.43","33.58","5"
"Whatcom","53073010900","144","469","30.7","30.6","30.8","4"
"Whatcom","53073011000","190","646","29.41","29.31","29.51","3"
"Whatcom","53073940000","651","1799","36.19","36.13","36.25","6"
"Whitman","53075000100","954","1275","74.82","74.74","74.91","10"
"Whitman","53075000200","909","2924","31.09","31.02","31.15","4"
"Whitman","53075000300","593","2023","29.31","29.24","29.38","3"
"Whitman","53075000400","653","1846","35.37","35.3","35.45","6"
"Whitman","53075000500","316","396","79.8","79.67","79.93","10"
"Whitman","53075000600","2019","3178","63.53","63.46","63.6","10"
"Whitman","53075000700","342","1539","22.22","22.19","22.26","1"
"Whitman","53075000800","413","1513","27.3","27.22","27.37","3"
"Whitman","53075000900","423","1735","24.38","24.34","24.43","2"
"Whitman","53075001000","123","970","12.68","12.65","12.71","1"
"Yakima","53077000100","453","842","53.8","53.71","53.9","10"
"Yakima","53077000200","864","1733","49.86","49.77","49.95","10"
"Yakima","53077000300","689","1877","36.71","36.62","36.8","7"
"Yakima","53077000400","832","3019","27.56","27.49","27.62","3"
"Yakima","53077000500","721","2001","36.03","35.92","36.14","6"
"Yakima","53077000600","1008","2078","48.51","48.41","48.61","10"
"Yakima","53077000700","981","2626","37.36","37.27","37.45","7"
"Yakima","53077000800","479","1825","26.25","26.17","26.32","2"
"Yakima","53077000901","708","3108","22.78","22.72","22.84","1"
"Yakima","53077000902","565","1618","34.92","34.83","35.01","6"
"Yakima","53077001000","1011","2374","42.59","42.5","42.68","9"
"Yakima","53077001100","635","2654","23.93","23.86","23.99","1"
"Yakima","53077001201","544","1276","42.63","42.5","42.77","9"
"Yakima","53077001202","946","1982","47.73","47.6","47.85","10"
"Yakima","53077001300","305","853","35.76","35.67","35.85","6"
"Yakima","53077001400","493","1134","43.47","43.37","43.58","9"
"Yakima","53077001501","934","2028","46.06","45.95","46.16","10"
"Yakima","53077001502","461","851","54.17","54.04","54.3","10"
"Yakima","53077001601","224","825","27.15","27.07","27.23","2"
"Yakima","53077001602","975","2716","35.9","35.8","35.99","6"
"Yakima","53077001701","321","1004","31.97","31.87","32.07","5"
"Yakima","53077001702","695","1941","35.81","35.73","35.88","6"
"Yakima","53077001800","390","2168","17.99","17.92","18.06","1"
"Yakima","53077001901","535","1067","50.14","49.97","50.31","10"
"Yakima","53077001902","650","1937","33.56","33.47","33.65","5"
"Yakima","53077002001","747","2161","34.57","34.47","34.67","6"
"Yakima","53077002002","1055","2398","43.99","43.89","44.1","9"
"Yakima","53077002101","173","621","27.86","27.74","27.98","3"
"Yakima","53077002102","506","2030","24.93","24.86","24.99","2"
"Yakima","53077002200","773","2431","31.8","31.7","31.89","4"
"Yakima","53077002701","236","780","30.26","30.17","30.34","4"
"Yakima","53077002801","522","1808","28.87","28.8","28.94","3"
"Yakima","53077002802","789","2950","26.75","26.67","26.82","2"
"Yakima","53077002900","490","2099","23.34","23.26","23.42","1"
"Yakima","53077003001","250","1615","15.48","15.43","15.53","1"
"Yakima","53077003002","419","1193","35.12","35.02","35.22","6"
"Yakima","53077003100","471","1895","24.85","24.77","24.94","2"
"Yakima","53077003200","1033","2629","39.29","39.19","39.39","8"
"Yakima","53077003400","447","1647","27.14","27.06","27.22","2"
"Yakima","53077940001","529","1776","29.79","29.74","29.84","3"
"Yakima","53077940002","250","1208","20.7","20.63","20.76","1"
"Yakima","53077940003","213","1018","20.92","20.86","20.98","1"
"Yakima","53077940004","646","1784","36.21","36.14","36.28","6"
"Yakima","53077940005","598","1252","47.76","47.68","47.85","10"
"Yakima","53077940006","490","1140","42.98","42.9","43.07","9"


"Unaffordable Housing (>30% of Income)"
"Geography: Census Tract, Year: 2011-2015"
"Created: 12/1/2022"

"""**"" indicates data suppression to protect confidentiality."

"""--"" indicates no data collected."

"""NR"" indicates data are not reliable."
