X,Y,OBJECTID,NAME,ADDRESS,ORIG_ADDRE,PIN,LANDNO,ORDINANCE,EFF_DATE,SE_ANNO_CAD_DATA
1276545.00004563,225523.640638605,1,Old Fire Station #23,722 18th Ave,722 18th Ave,2254502235,767742,106050,1976/12/21 08:00:00+00,
1281980.24997069,228095.953088999,2,Charles Bussell House (Eman/Jacobsen),1630 36th Ave,1630 36th Ave,7424700070,767743,108212,1979/05/14 08:00:00+00,
1270150.62499967,228966.51564981,3,Old Norway Hall,2015 Boren Ave,2015 Boren Ave,0660001490,767744,124375,,
1273677.66673096,204679.368043199,4,Rainier Cold Storage/Ice/Seattle Brewing/Malting Co. Bldg,5622-6010 Airport Way S,6000-6004 Airport Way S,0001800023,767745,116973,1993/12/13 08:00:00+00,
1260442.05180663,236232.969928578,5,Fourteenth Ave W Group,2014 14th Ave W,2000-2016 14th Ave W, ,767746,108211,1979/05/14 08:00:00+00,
1288732.87500097,188832.640668437,6,Old Fire Station #33,10235 62nd Ave S,10235 62nd Ave S,2520900050,767747,106053,1976/12/21 08:00:00+00,
1259101.49999738,215392.500021175,7,Hainsworth/Gordon House,2657 37th Ave SW,2657 37th Ave SW,9345400210,767748,109734,1981/03/02 08:00:00+00,
1257021.12495545,216157.531189889,8,Admiral Theater,2343 California Ave SW,2343 California Ave SW,6379500055,767749,116972,1993/12/13 08:00:00+00,
1256092.62498657,200967.609383747,9,Gatewood School,4320 SW Myrtle St,4320 SW Myrtle St,4315700020,767750,0,,
1276162.37502126,222870.093756139,10,Langston Hughes Cultural Arts Center,104 17th Ave S,104 17th Ave S,9826700795,767751,110354,1981/12/28 08:00:00+00,
1280572.24996938,218657.390648216,11,Thompson/LaTurner House,3119 S Day St,3119 S Day St,6909200597,767752,107613,1978/08/14 08:00:00+00,
1276332.75006142,219836.843705311,12,Black Manufacturing Building,1130 Rainier Ave S,1130 Rainier Ave S,7132300370,767753,113601,1987/09/08 08:00:00+00,
1275279.37495644,222774.124988049,13,Victorian House,1414 S Washington St,1414 S Washington St,3319500060,767754,108225,1979/05/12 08:00:00+00,
1275350.12503651,222296.531259611,14,Seattle Buddhist Church,1427 S Main St,1427 S Main St,3320000165,767755,106100,1976/12/27 08:00:00+00,
1272024.49994542,222328.59372364,15,Old Main St School,307 6th Ave S,307 6th Ave S,5247801606,767756,106147,1977/01/17 08:00:00+00,
1272622.24996197,221703.484347045,16,Chinese Community Bulletin Board,511 7th Ave S,511 7th Ave S,5247802380,767757,106072,1976/12/21 08:00:00+00,
1272486.37501785,221706.437563062,17,Eastern Hotel,506 Maynard Ave S,506-1/2 Maynard Ave S,5247802350,767758,107750,1978/10/23 08:00:00+00,
1274505.25002773,219730.187449217,18,Pacific Medical Center/Former U.S. Marine Hospital,1200 12th Ave S,1200 12th Ave S,2829600110,767759,116055,1992/01/27 08:00:00+00,
1270305.12496781,223572.062524796,19,Hoge Building,705 2nd Ave,705 2nd Ave,0939000230,767760,111889,1984/09/10 08:00:00+00,
1270074.12503161,221308.437562689,20,Flatiron Building,551 1st Ave S,551 1st Ave S,7666206935,767761,106141,1977/01/10 08:00:00+00,
1280149.50001699,213570.984371483,21,Franklin High School,3013 S Mount Baker Blvd,3013 S Mount Baker Blvd,5700000455,767762,0,,
1281805.50001852,214230.734388098,22,Kraus/Andersson House,2812 Mount St Helens Pl S,2812 Mount St Helens Pl S,5700003530,767763,110492,1982/03/22 08:00:00+00,
1274737.87505195,204965.937451467,23,Cleveland High School,5511 15th Ave S,5511 15th Ave S,7549802085,767764,121275,2003/10/26 08:00:00+00,
1274318.24996355,203261.546921879,24,Georgetown City Hall / Fire Station #27,6202 13th Ave S,6202 13th Ave S,7006200345,767765,111302,1983/09/12 08:00:00+00,
1261381.7499835,237556.937545821,25,Cotterill House,2501 Westview Dr W,2501 Westview Dr W,7871500475,767766,107751,1978/10/23 08:00:00+00,
1261795.99996789,237434.296905696,26,Handschy/Kistler House,2433 9th Ave W,2433 9th Ave W,7871500040,767767,111024,1983/02/22 08:00:00+00,
1264604.37501051,233483.218758017,27,Ballard/Howe House,22 W Highland Dr,22 W Highland Dr,1731800590,767768,108226,1979/05/14 08:00:00+00,
1273974.37501924,254142.484313264,28,Ramsing House,540 NE 80th St,540 NE 80th St,2878601495,767769,113261,1986/12/29 08:00:00+00,
1274433.74999566,246668.156242296,29,Church of the Blessed Sacrament and Rectory,5041 9th Ave NE,5041 9th Ave NE,2862100750,767770,109732,1981/03/02 08:00:00+00,
1265915.50000373,241000.781261027,30,Fremont Trolley Barn/Red Hook Ale Brewery,3400 Phinney Ave N,3400 Phinney Ave N,1972203220,767771,116054,1992/01/27 08:00:00+00,
1272883.87505022,239291.249995425,31,Fisher-Howell House,2819 Franklin Ave E,2819 Franklin Ave E,1959701445,767772,125836,1984/09/10 08:00:00+00,
1278825.74999975,234690.500039145,32,Boyer/Lambert House,1617 Boyer Ave E,1617 Boyer Ave E,3592500285,767773,111021,1983/02/22 08:00:00+00,
1276869.87505393,235018.093767449,33,Hebrew Academy/Old Forest Ridge Convent and Site,1617 Interlaken Dr E,1617 Interlaken Dr E,2125049015,767774,108519,1979/07/17 08:00:00+00,
1282635.2500353,233848.093766361,34,Samuel Hyde House,3726 E Madison St,3726 E Madison St,5316100400,767775,117097,1994/04/18 08:00:00+00,
1282553.12497923,229916.250050694,35,Ellsworth Storey House ,260 Dorffel Dr E,260 Dorffel Dr E,1954700475,767776,106071,1976/12/13 08:00:00+00,
1281885.5000186,229850.718786642,36,Brehm Brothers House #2,221 36th Ave E,221 36th Ave E,1778500355,767777,108734,1979/12/24 08:00:00+00,
1279163.12497607,228964.171841815,37,"James W Washington, Jr., Home and Studio",1816 26th Ave,1816 26th Ave,9828701990,767778,116052,1992/01/27 08:00:00+00,
1275798.87498893,228939.999937788,38,"1st Church of Christ,Scientist",1519 E Denny Way,1519 E Denny Way,8080400145,767779,106145,1977/01/17 08:00:00+00,
1276119.87505323,228872.531265736,39,Hillcrest Apartment Building,1616 E Howell St,1616 E Howell St,8080400185,767780,109733,1981/03/11 08:00:00+00,
1275269.50001244,233425.656261966,40,Seattle Art Museum at Volunteer Park,1400 E Prospect St,1400 E Prospect St,2925049087,767781,125418,,
1275349.74999651,232660.98438926,41,Parker-Fersen House,1409 E Prospect St,1409 E Prospect St,1346300200,767782,113423,1987/05/11 08:00:00+00,
1275093.74999627,232047.812548682,42,Moore Mansion,811 14th Ave E,811 14th Ave E,1346300060,767783,116971,1993/12/13 08:00:00+00,
1274976.62500416,231462.15622814,43,Maryland Apartments,626 13th Ave E,626 13th Ave E,6851700045,767784,114995,1990/03/19 08:00:00+00,
1271329.74999277,230529.828163266,44,St Spiridon Russian Orthodox Cathedral,400 Yale Ave N,400 Yale Ave N,6847700030,767785,106099,1976/12/20 08:00:00+00,
1272880.49994621,230086.359362856,45,San Remo Apartment Building,606 E Thomas St,606 E Thomas St,6848200770,767786,113988,1988/05/31 08:00:00+00,
1270806.92580028,229994.91501078,46,Immanual Lutheran Church,1215 Thomas St,1215 Thomas St,2467400400,767787,109730,1981/03/02 08:00:00+00,
1265993.7499878,234096.984390602,47,Queen Anne High School,215 Galer St,215 Galer St,3803000005,767788,112274,1985/05/16 08:00:00+00,
1265714.49993953,233210.843717769,48,Brace/Moriarty House,170 Prospect St,170 Prospect St,5457300940,767789,109586,1980/12/22 08:00:00+00,
1269328.12503091,227111.328064084,49,Times Square Building,414 Olive Way,414 Olive Way,0659000385,767790,111883,1984/09/10 08:00:00+00,
1257559.49999595,216416.671926126,50,West Seattle Library,2306 42nd Av SW,2306 42nd Av SW,6087100165,767791,121102,2003/03/24 08:00:00+00,
1278120.2499671,223018.015676275,51,Douglass-Truth Library,2300 E Yesler Way,2300 E Yesler Way,6840701735,767792,121107,2003/03/24 08:00:00+00,
1274629.37495585,246190.750033855,52,University Library,5009 Roosevelt Way,5009 Roosevelt Way,0825049041,767793,121104,2003/03/24 08:00:00+00,
1266997.99997273,240792.406220824,53,Fremont Library,731 N 35th St,731 N 35th St,1972202795,767794,121103,2003/03/24 08:00:00+00,
1256135.49999462,212881.343794838,54,Madison Middle School,3429 45th Av SW,3429 45th Av SW,9278300005,767795,0,,
1274928.62500411,234102.515654594,55,Volunteer Park Conservatory,1400 E Galer St,1400 E Galer St,2925049087,767796,123344,,
1275967.50001308,250538.656213909,56,Roosevelt High School,1410 NE 66th St,1410 NE 66th St,8826900005,767797,0,,
1272853.11805819,202394.670153067,57,Hat 'n Boots,6430 Corson Avenue S,6910 East Marginal Way S,0001800137,767798,123623,,
1278542.62500748,210689.562544793,58,Cheasty Blvd South,Cheasty Blvd S Ord 25148,Cheasty Blvd S Ord 25148, ,767799,0,,
1276252.62500535,224934.15622206,59,Providence Hospital 1910 Bldg,528 17th Ave,528 and 538 17th Ave,7942600330,767800,121588,2004/10/22 08:00:00+00,
1266482.75005226,230293.703107059,60,Seattle Monorail, , ,1985200550,767801,121240,2003/08/04 08:00:00+00,
1266901.25002064,230225.703106984,61,Seattle Monorail, , ,1991200005,767802,121240,2003/08/04 08:00:00+00,
1267031.99997276,229362.593730181,62,Seattle Monorail, , ,1991200235,767803,121240,2003/08/04 08:00:00+00,
1267487.12496519,228907.499969766,63,Seattle Monorail, , , ,767804,121240,2003/08/04 08:00:00+00,
1268088.75005375,228358.250049248,64,Seattle Monorail, , , ,767805,121240,2003/08/04 08:00:00+00,
1268669.37495029,227824.70316875,65,Seattle Monorail, , , ,767806,121240,2003/08/04 08:00:00+00,
1269317.99997489,227217.906240195,66,Seattle Monorail, , , ,767807,121240,2003/08/04 08:00:00+00,
1269547.7499911,226838.296895832,67,Seattle Monorail, , ,0659000005,767808,121240,2003/08/04 08:00:00+00,
1289035.20959325,203739.392426327,68,Seward Park Inn/Annex,5900 Lake Washington Blvd S,5900 Lake Washington Blvd S,2324049007,767809,123429,,
1253626.26223227,256285.553627253,69,Golden Gardens Bath House,8001 Seaview Ave NW,8001 Seaview Ave NW,3426039006,767810,121716,2005/02/23 08:00:00+00,
1278131.0814551,223958.67078115,70,Garfield High School,400 23rd Ave,400 23rd Ave,6840701230,767811,0,,
1265554.48240338,232917.883589491,71,Gibbs House,1000 Warren Av N,1000 Warren Av N,5457300926,767812,121426,2004/05/08 08:00:00+00,
1256875.91676331,210611.508912727,72,Dakota Place Park,4304 SW Dakota St,4304 SW Dakota St,3010301030,767813,123624,,
1276483.48900557,246791.735250413,73,Henry Owen Shuey House,5218 16th Ave NE,5218 16th Ave NE,4232400455,767814,121274,2003/10/26 08:00:00+00,
1262785.36060882,209410.103215605,74,Cooper Elementary School,4408 Delridge Way SW,4408 Delridge Way SW,1324039018,767815,121866,2005/08/24 08:00:00+00,
1282027.96453074,213119.783731058,75,Mt Baker Presbyterian Church,3201 Hunter Blvd S,3201 Hunter Blvd S,5700002905,767816,125154,,
1273304.3660586,229184.352962017,76,Pantages House,803 E Denny Way,803 E Denny Way,6003001299,767817,123023,2009/08/07 08:00:00+00,
1271915.48196131,192862.720928192,77,Querio House,9364 7th Ave S,9326 7th Ave S,2433200115,767818,0,,
1251189.57167001,243139.956175014,78,Fort Lawton Chapel,3801 W Government Way,631 Washington Ave,1525039042,767819,114011,,
1276241.68586934,212032.754866049,79,Fire Station #13,3601 Beacon Ave S,3601 Beacon Ave S,1624049270,767820,123289,,
1273411.3967147,251261.126614586,80,Fire Station #16,6846 Oswego Pl NE,6846 Oswego Pl NE,9528103550,767821,122464,2007/09/21 08:00:00+00,
1259324.88866958,199770.232742622,81,Fire Station #37,7302 35th Ave SW,7302 35th Ave SW,8122100070,767822,122466,2007/09/21 08:00:00+00,
1280802.2237296,247334.056658924,82,Fire Station #38,5503 33rd Ave NE,5503 33rd Ave NE,8827901028,767823,122467,2007/09/21 08:00:00+00,
1276423.36842951,237570.089289829,83,Montlake Community Center,1618 E Calhoun St,1618 E Calhoun St,6788202280,767824,123343,,
1284440.21541297,243782.044751614,84,Laurelhurst Community Center,4554 NE 41st St,4554 NE 41st St,7613700005,767825,123555,,
1277916.8015189,222865.627196133,85,Fire Station #6,101 23rd Ave S,101 23rd Ave S,9826701650,767826,122462,2007/09/21 08:00:00+00,
1271363.8184728,213182.03320311,86,Fire Station #14,3224 4th Ave S,3224 4th Ave S,7674800085,767827,122463,2007/09/21 08:00:00+00,
1274912.2029881,246151.860945821,87,Fire Station #17,1010 NE 50th St,1010 NE 50th St,6746701655,767828,122465,2007/09/21 08:00:00+00,
1254061.99445668,237442.190025717,88,Fire Station #41,2416 34th Ave W,2416 34th Ave W,2225039052,767829,122468,2007/09/21 08:00:00+00,
1271169.08938462,230815.161027536,89,Supply Laundry Building,1265 Republican St,1265 Republican St,6849200110,767830,122470,2007/09/21 08:00:00+00,
1275907.24068503,245426.269393146,90,Wilsonian Apt Bldg Ballroom Gar,4710 University Way NE,4700-4720 University Way NE,8816400265,767831,0,,
1278062.14782304,218433.225528002,91,Colman School,2300 S Massachusetts St,2300 S Massachusetts St,0924049010,767832,122950,2009/05/15 08:00:00+00,
1276784.60158184,238875.851467043,92,Seattle Yacht Club,1807 E Hamlin St,1807 E Hamlin St,5605000305,767833,122702,2008/07/05 08:00:00+00,
1269639.4627592,227126.425024107,93,Medical Dental Building,509 Olive Way,509 Olive Way,0659000085,767834,122316,2007/01/20 08:00:00+00,
1277926.84004691,244796.775504559,94,Sigma Kappa Mu Chapter Hse,4510 22nd Ave NE,4510 22nd Ave NE,1321300090,767835,122469,2007/09/21 08:00:00+00,
1269195.15440679,231757.254084408,95,Pacific-Ford McKay Bldg,601 Westlake Ave N,601-605 Westlake Ave N,4088803385,767836,0,,
1264730.45526662,233279.15514183,96,Harry Whitney Treat House,1 West Highland Dr,1 West Highland Dr,1731800005,767837,122353,2007/04/11 08:00:00+00,
1264935.82512282,232710.402373299,97,Leona/Park Ridge Apartments,916 Queen Anne Ave N,916 Queen Anne Ave N,3879900220,767838,122818,2008/11/07 08:00:00+00,
1268278.86512592,228030.891328946,98,Windham Apartments,420 Blanchard St,420 Blanchard St,0696000135,767839,122595,2008/01/12 08:00:00+00,
1269614.33840717,243308.664527178,99,Hamilton Middle School,1610 N 41st St,1610 N 41st St,4083301505,767840,0,,
1268943.50679055,225937.067710996,100,Eitel Building,1501 2nd Ave,1501 Second Ave,1975700645,767841,123534,,
1275612.92116475,221542.354426906,101,Seattle Japanese Language School,1414 S Weller St,1414 S Weller St,3320500190,767842,125743,,
1267500.8326132,229396.437698215,102,Seattle-First National Bank,566 Denny Way,566 Denny Way,1991200580,767843,0,,
1272379.26973775,226405.018943429,103,Dearborn House,1117 Minor Ave,1117 Minor Ave,1978200550,767844,122951,2009/05/15 08:00:00+00,
1265545.95222738,244587.279568359,104,Fitch/Nutt House,4401 Phinney Ave N,4401 Phinney Ave N,8129700070,767845,0,,
1268756.78103037,224237.195709407,105,Pier 55,1101 Alaskan Way,1101 Alaskan Way,7666202485,767846,123860,,
1268615.49591024,224489.604029641,106,Pier 56,1201 Alaskan Way,1201 Alaskan Way,7666202485,767847,123858,,
1268480.23920612,224714.161085859,107,Pier 57,1301 Alaskan Way,1301 Alaskan Way,7666202435,767848,123861,,
1268895.32157449,223999.545533195,108,Pier 54,1001 Alaskan Way,1001 Alaskan Way,7666202495,767849,123859,,
1270113.09911163,223821.829053029,109,Norton Building,801 2ND AVE,801 2ND AVE,0939000355,767850,122947,2009/05/15 08:00:00+00,
1265958.43990776,250808.77333416,110,John B Allen School,6532 Phinney Ave N,6532 Phinney Ave NW,0625049063,767851,123845,,
1266797.79440455,227227.158336192,111,Bon Marche Stables,2315 Western Ave,2315 Western Ave,0654000330,767852,122995,2009/07/04 08:00:00+00,
1268391.17117403,226679.794111684,112,Terminal Sales Annex,1931 Second Ave,1931 Second Ave,1977200926,767853,122981,2009/06/25 08:00:00+00,
1270322.71485583,226000.77548705,113,Washington Athletic Club,1325 Sixth Ave,1325 Sixth Ave,1975700025,767854,122948,2009/05/15 08:00:00+00,
1270781.81988026,225312.510014415,114,Women's University Club,1105 6th Ave,1105 6th Ave,0942000255,767855,122949,2009/05/15 08:00:00+00,
1270578.59620006,224183.719485357,115,Central Building,810 Third Ave,810 Third Ave,0942000550,767856,122952,2009/05/15 08:00:00+00,
1269668.42493522,230328.453059092,116,Terry Avenue Building,320 Terry Ave N,320 Terry Ave N,1986200450,767857,123486,,
1279639.14737651,233005.477957577,117,Seattle Japanese Garden,1075 Lake Washington Blvd E,1075 Lake Washington Blvd E,2125049044,767858,0,,
1268116.56675777,227321.908800289,118,Metropolitan Press Printing Co/Brasa Bldg,2107 3RD Ave,2107 Third Avenue,1977201190,767859,124550,,
1275073.29278025,225627.849918708,119,Coca Cola Bottling Plant,1313 E Columbia St,1313 E Columbia St,2254500880,767860,123294,,
1269143.19792673,226210.488895252,120,Fischer Studio Building,1519 3RD AVE,1519 3RD AVE,2568000000,767861,123382,,
1274021.89437927,248162.670547694,121,Dr Annie Russell House,5721 8th Ave NE,5721 8th Ave NE,1928300398,767862,123074,2009/09/19 08:00:00+00,
1267091.08694883,227831.915968761,122,MGM Building,2331 2nd Ave,2331 Second Avenue,0655000045,767863,123290,,
1268966.28707856,226903.399871901,123,Securities Building,1904 Third Ave,1904 Third Ave,1977201315,767864,123204,2010/01/20 08:00:00+00,
1265940.30729975,228697.66470556,124,Seattle Labor Temple,2800 First Ave,2800 First Ave,0654000005,767865,123345,,
1275009.6112442,223417.606716648,125,Washington Hall,153 14th Ave,153 14th Ave,4226900030,767866,123346,,
1279496.75121637,265706.500708029,126,Lake City School,2611 NE 125th St,2611 NE 125th St,2826049043,767867,0,,
1269754.69872729,232549.134917155,127,Naval Reserve Armory,860 Terry Ave N,860 Terry Ave N,4088803210,767868,123428,,
1267137.25027686,227779.137088716,128,William Tell Hotel,2327 2nd Ave,2327 2nd Ave,0655000050,767869,123203,2010/01/20 08:00:00+00,
1273249.92279455,234232.750662714,129,Egan House,1500 Lakeview Blvd E,1500 Lakeview Boulevard East,2025049049,767870,123295,,
1268764.82621437,226755.608511761,130,Donahoe Building / Bergman Luggage,1901 - 1911 3rd Avenue,,,767871,,,
1275228.0419324,215731.083189487,131,Turner-Koepf House / Beacon Hill Garden House,2336 15th Avenue South,,,767872,,,
1274849.79646005,232843.808581427,132,Volunteer Park Grounds,1400 E Prospect St,1400 E Prospect St,2925049087,767873,0,,
1275526.87985268,232804.746181399,133,Volunteer Park Grounds,1400 E Prospect St,1400 E Prospect St,2925049087,767874,0,,
1275625.83818877,233023.496133596,134,Volunteer Park Grounds,1400 E Prospect St,1400 E Prospect St,2925049087,767875,0,,
1275628.44234878,233364.641989917,135,Volunteer Park Grounds,1400 E Prospect St,1400 E Prospect St,2925049087,767876,0,,
1275638.85898878,233739.641926259,136,Volunteer Park Grounds,1400 E Prospect St,1400 E Prospect St,2925049087,767877,125215,,
1275644.06730878,234101.621062592,137,Volunteer Park Grounds,1400 E Prospect St,1400 E Prospect St,2925049087,767878,0,,
1275193.54647636,232825.579461411,138,Volunteer Park Grounds,1400 E Prospect St,1400 E Prospect St,2925049087,767879,0,,
1268770.64650239,254005.428057134,139,Daniel Bagley Elementary School,7821 Stone Ave N,7821 / 7901 Stone Ave N,0625049048,767880,0,2015/05/06 08:00:00+00,
1255407.18498594,251103.865046427,140,Daniel Webster Elementary School,3014 NW 67th St,3014 NW 67th St,3693901110,767881,0,2015/05/06 08:00:00+00,
1256041.69993053,237567.69991383,141,Magnolia School,2418 28th Ave W,2418 28th Ave W,0269001275,767882,0,2015/06/03 08:00:00+00,
1259615.91996586,198177.530021146,142,E.C. Hughes School,7740 34th Ave SW,7740 34th Ave SW,1932300245,767883,0,2015/06/03 08:00:00+00,
1265870.87011568,231124.129987821,143,Kobe Bell,210 Republican St,305 Harrison Street,1988200440,767884,123297,2010/06/12 08:00:00+00,
1266197.67613199,230361.846979111,144,Seattle Center House,305 Harrison Street,305 Harrison Street,1985200305,767885,123298,2010/06/12 08:00:00+00,
1267568.42608526,227619.756992564,145,Wayne Apartments,2224 2nd Ave,2224 Second Ave,0694000030,767886,0,1899/12/30 08:00:00+00,
1275489.63518064,228674.159041539,146,Gaslight Inn / Singerman House,1727 15th Ave,1727 15th Ave,1728800145,767887,125126,1899/12/30 08:00:00+00,
1273916.24817118,233758.371014282,147,J.W. Bullock House,1220 10th Ave E,1220 10th Ave E,6762700745,767888,125127,1899/12/30 08:00:00+00,
1269243.30506283,244366.39816016,148,Lincoln High School,4400 Interlake Ave N,4400 Interlake Ave N,7821200700,767889,0,1899/12/30 08:00:00+00,
1269775.80631132,224458.124733612,149,Federal Reserve Bank of San Francisco,1015 2nd Ave,1015 Second Avenue,0939000520,767890,0,2016/01/20 08:00:00+00,
1263303.38313729,234715.027911171,150,Pacific Telephone & Telegraph Garfield Exchange,1529 4th Ave W,1529 4th Avenue W,4232903170,767891,125214,1899/12/30 08:00:00+00,
1269363.39696693,230650.731971383,151,Firestone Auto Supply and Service,400 Westlake Ave N,400 Westlake Ave,1983200230,767892,0,1899/12/30 08:00:00+00,
1265489.94109133,231754.976964414,152,Seattle City Light Power Control Center / System Operations,157 Roy St,157 Roy St,5457300580,767893,125321,1899/12/30 08:00:00+00,
1267508.77398922,227643.315136582,153,Mama's Mexican Kitchen Building,2234 2nd Ave,2234 Second Avenue,0694000035,767894,0,1899/12/30 08:00:00+00,
1256810.32405925,208605.258926854,154,Crescent-Hamm Building,4302 SW Alaska St,4302 SW Alaska St / 4559 California Ave SW,3389900115,767895,125522,1899/12/30 08:00:00+00,
1273463.74589875,227726.201280668,155,Eldridge Tire Company Building,1519 Broadway,1519 Broadway,6003000510,767896,125624,1899/12/30 08:00:00+00,
1256995.74178742,208590.462126836,156,Campbell Building,4554 California Ave SW,4554 California Ave SW,0952006375,767897,125486,1899/12/30 08:00:00+00,
1266475.71798825,239725.273035839,157,Bleitz Funeral Home,316 Florentia St,316 Florentia Street,1973200006,767898,126017,1899/12/30 08:00:00+00,
1268204.34211786,241643.629005626,158,Shannon and Wilson Office Building,3652-3670 Woodland Park Ave N,3652-3670 Woodland Park Ave N/1101-1111 N 38th St,2261500090,767899,125623,2017/07/19 08:00:00+00,
1265432.38102728,230620.45101136,159,Century 21 Coliseum / Key Arena,305 Harrison St,305 Harrison St,1985200003,767900,125642,2017/08/03 08:00:00+00,
1265129.890147,230149.182146922,160,Bressi Garage,226 First Ave N,226-232 First Ave N,1989201515,767901,125643,2017/08/03 08:00:00+00,
1268743.50602236,232799.668933392,161,American Meter and Appliance Building,1001 Westlake Ave N,1001-1005 Westlake Ave N,1989201515,767902,0,2017/05/16 08:00:00+00,
1272095.70698549,235736.600008115,162,Pacific Architect and Builder,1945 Yale Pl E,1945 Yale Pl E,2025049033,767903,125523,2017/07/20 08:00:00+00,
1268862.18992648,227509.658048466,163,Sheridan Apartments,2011 Fifth Ave,2011 Fifth Ave,0659001015,767904,0,2017/07/18 08:00:00+00,
1268919.48912652,227464.025024414,164,Griffin Building,2005 Fifth Ave,2005 Fifth Ave,0659001020,767905,0,2017/07/18 08:00:00+00,
1267457.99203716,230481.969091222,165,Broad St Substation,319 6th Ave N,319 6th Ave N,1991200405,767906,125783,1899/12/30 08:00:00+00,
1276963.18398201,228341.04416123,166,Mount Zion Baptist Church,1634 Reverend Dr. S. McKinney Ave,1634 Reverend Dr. S. McKinney Ave,7228501980,767907,125591,1899/12/30 08:00:00+00,
1268706.94307832,226802.268095806,167,White Garage,1915 3rd Ave,1915 3rd Ave,1977201055,767908,0,1899/12/30 08:00:00+00,
1278952.72094387,240042.698956132,168,UW Canoe House/ASUW Shell House/US Naval Training Hangar,3655 Walla Walla Rd NE,3655 Walla Walla Rd NE,162504HYDR,767909,125742,1899/12/30 08:00:00+00,
1277978.91799895,227637.772992581,169,East Pine Substation,1501 23rd Ave,1501 23rd Ave,7228500465,767910,0,1899/12/30 08:00:00+00,
1274271.9399475,232488.60000509,170,Highland Apartments,931 11TH AVE E,931 11TH AVE E,3295200000,767911,126016,1899/12/30 08:00:00+00,
1281397.71608214,214186.228148058,171,Mount Baker Community Club Clubhouse,2815 Mount Rainier Dr S,2811-2815 Mount Rainier Drive South,5700002390,767912,125837,2018/09/06 08:00:00+00,
1270409.13955991,230237.334978998,172,Bricklayers Building,318 Fairview Ave N,318 Fairview Avenue North,2467400080,767913,0,1899/12/30 08:00:00+00,
1272142.73802553,231475.15104416,173,Roy Vue Apartments,615 Bellevue Ave East,615 Bellevue Avenue East,6848200030,767914,126146,1899/12/30 08:00:00+00,
1270913.33744837,224456.816957623,174,First United Methodist Church (former),811 5th Ave,811 5th Ave,0942000530,767915,123291,,
1262129.1971522,238089.398858309,175,Seventh Church of Christ (former),2555 8th Ave W,2555 8th Ave W,2425039014,767916,123341,,
1269388.56995896,223865.544893071,176,Maritime Building,911 Western Ave,911 Western Ave,7666202525,767917,125419,,
1257508.24201189,215243.718069032,177,"Sixth Church of Christ, Scientist (former)",2656 42nd Ave SW,2656 42nd Ave SW,6087101025,767918,123296,,
1255441.15976997,200464.618791267,178,Kenney Seaview Building,7125 Fauntleroy Way SW,7125 Fauntleroy Way SW,4315700240,767919,0,,
1272721.32196206,223820.501821026,179,Harborview Medical Center,325 9th Ave,325 Ninth Ave,8590400545,767920,123557,,
1272129.37508151,225929.85951899,180,Baroness Apartment Hotel,1005 Spring St,1005 Spring Street,8590901030,767921,123487,,
1275099.90769228,229957.711170733,181,Cooper House,227 14th Ave E,227 14th Ave E,6003501795,767922,123022,2009/08/07 08:00:00+00,
1273144.30129045,239689.801675797,182,L'Amourita Apt Bldg,2901 Franklin Ave E,2901-2917 Franklin Ave E,1959702631,767923,122594,2008/01/12 08:00:00+00,
1272127.09348151,227638.078912586,183,First Covenant Church,1500 Bellevue Ave E,1500 Bellevue Ave,8725600475,767924,112425,1985/10/17 08:00:00+00,
1258103.73039645,217798.182967409,184,Bloss House,4055 SW Holgate St,4055 SW Holgate Street,9151600005,767925,123846,,
1266124.40240392,229753.556546554,185,Pacific Science Center,202 2nd Ave N,202 2nd Ave N,1985200140,767926,124932,1899/12/30 08:00:00+00,
1269644.9720072,227431.190336391,186,Lloyd Building,601 Stewart St,601 Stewart St,0659000350,767927,0,1899/12/30 08:00:00+00,
1256969.2419474,234403.019462883,187,Admiral's House,2099 W Garfield St,2001 W Garfield St,2325039106,767928,124135,1899/12/30 08:00:00+00,
1270607.94788009,225341.604926437,188,YWCA Building,1118 5th Ave,1118 5th Ave,2301950000,767929,124292,1899/12/30 08:00:00+00,
1272015.49885741,231709.569220364,189,Bel-Roy Apartments,703 Bellevue Ave E,703 Bellevue Ave E,2163900440,767930,123857,1899/12/30 08:00:00+00,
1267378.09200509,227880.992960811,190,RKO Distributing Co. Bldg,2312 Second Ave,2312 Second Ave,0656000230,767931,124551,1899/12/30 08:00:00+00,
1263296.00009729,232452.400069058,191,Villa Costella,348 W Olympic Way,348 W Olympic Way,8944110000,767932,123847,1899/12/30 08:00:00+00,
1273125.74589844,223314.305852547,192,Yesler Terrace Steam Plant,120 8th Ave,120 8th Ave,9821700005,767933,124717,1899/12/30 08:00:00+00,
1282155.75000285,229215.921858042,193,Rohrer House,122 37th Ave E,122 37th Ave E,9103000720,767934,124243,1899/12/30 08:00:00+00,
1270492.60400799,223852.182973057,194,Chamber of Commerce Bldg,215 Columbia St,215 Columbia St,0939000245,767935,123848,1899/12/30 08:00:00+00,
1266651.87517241,227788.515776724,195,Latona Hotel/Ace Hotel,2419-2423 1st Avenue, ,0653000100,767936,0,2011/02/16 08:00:00+00,
1283909.87403649,268033.292006195,196,Barksdale House,13226 42nd Ave NE, ,1454600165,767937,124244,1899/12/30 08:00:00+00,
1267846.87498152,227384.421824336,197,Castle Apartments,2132 2nd Ave, ,1977201145,767938,0,1899/12/30 08:00:00+00,
1268894.2651905,224699.463613838,198,Pacific Net & Twine Building,51 University St, ,2539070000,767939,124291,1899/12/30 08:00:00+00,
1269989.46199152,230420.338115171,199,Boren Investment Company Warehouse Building,334 Boren Ave N, ,1986200515,767940,124494,2014/07/13 08:00:00+00,
1268401.50000603,226896.468671888,200,Palladian Apartments,2000 Second Ave, ,1977201140,767941,124376,1899/12/30 08:00:00+00,
1270180.3510797,229165.349058002,201,Fashioncraft Building/Recovery Cafe,2022 Boren Ave, ,0660002245,767942,124190,1899/12/30 08:00:00+00,
1264046.33225799,229501.074242309,202,Seattle Post Intelligencer Globe,101 Elliott Ave W, ,7666202220,767943,124964,1899/12/30 08:00:00+00,
1270405.97309591,223803.44492501,203,Seattle National Bank (United Way Building),720 Second Ave, ,0939000240,767944,124716,1899/12/30 08:00:00+00,
1278419.12510337,225386.437566489,204,Horace Mann School,2410 E Cherry St, ,0519000290,767945,124245,1899/12/30 08:00:00+00,
1282549.27115522,268224.489958376,205,Cedar Park Elementary School,13224 37th Ave NE, ,1454100350,767946,124515,1899/12/30 08:00:00+00,
1275588.31908473,244610.923856393,206,Neptune Building,1301 NE 45th St, ,1142000235,767947,124430,1899/12/30 08:00:00+00,
1258525.81206085,247853.123027399,207,Ballard Carnegie Library,2026 NW Market St, ,2767700960,767948,124227,1899/12/30 08:00:00+00,
1271266.82980071,225737.134014815,208,"Town Hall Seattle (Fourth Church of Christ, Scientist)",1119 8th Ave, ,1979200050,767949,124933,1899/12/30 08:00:00+00,
1274710.64996392,259277.291998044,209,Chiarelli-Dore House,843 NE 100th St, ,5101405378,767950,124425,1899/12/30 08:00:00+00,
1280121.34206496,216362.318006083,210,Charles P Dose House,2121 31st Ave S, ,2090200025,767951,124246,1899/12/30 08:00:00+00,
1277815.37495881,237148.640713438,211,Montlake School,2409 22nd Ave E, ,6788200735,767952,124778,1899/12/30 08:00:00+00,
1267303.12509301,227015.093695998,212,Union Stables,2200 Western Ave, ,1977200605,767953,124495,2014/07/13 08:00:00+00,
1268700.29501432,231952.943044603,213,Puget Sound Power and Light Co. Utilities Bldg,800 Aloha St, ,4088803530,767954,0,1899/12/30 08:00:00+00,
1260469.60905465,236112.615112469,214,Fourteenth Ave W Group,2000 14th Ave W,2000-2016 14th Ave W, ,767955,108211,1979/05/14 08:00:00+00,
1260474.16099066,236161.579976514,215,Fourteenth Ave W Group,2006 14th Ave W,2000-2016 14th Ave W, ,767956,108211,1979/05/14 08:00:00+00,
1260425.54505461,236186.880968541,216,Fourteenth Ave W Group,2010 14th Ave W,2000-2016 14th Ave W, ,767957,108211,1979/05/14 08:00:00+00,
1260444.26300663,236272.504008621,217,Fourteenth Ave W Group,2016 14th Ave W,2000-2016 14th Ave W, ,767958,108211,1979/05/14 08:00:00+00,
1278033.29099101,225800.873918861,218,Twenty-third Ave Houses Group,816 23rd Ave,812-828 23rd Ave,9126102040,767959,108732,1979/12/24 08:00:00+00,
1278029.16990301,225861.637950927,219,Twenty-third Ave Houses Group,822 23rd Ave,812-828 23rd Ave,9126102040,767960,108732,1979/12/24 08:00:00+00,
1278038.00817502,225891.252926946,220,Twenty-third Ave Houses Group,824 23rd Ave,812-828 23rd Ave,9126102040,767961,108732,1979/12/24 08:00:00+00,
1278039.30404702,225920.756926984,221,Twenty-third Ave Houses Group,828 23rd Ave,812-828 23rd Ave,9126102040,767962,108732,1979/12/24 08:00:00+00,
1278051.03806303,225777.824958846,222,Twenty-third Ave Houses Group,812 23rd Ave,812-828 23rd Ave,9126102040,767963,108732,1979/12/24 08:00:00+00,
1263599.89897756,240525.363916576,223,Alexander Hall,315 W Bertona St, ,8900000555,767964,124424,1899/12/30 08:00:00+00,
1265433.30621128,230990.3920037,224,Northwest Rooms and Int'l Fountain Pavilion,305 Harrison St, ,1985200003,767965,124584,2013/08/07 08:00:00+00,
1282841.10808349,244067.898063883,225,Battelle Research / Talaris Conference Center,4000 NE 41st St, ,1525049010,767966,0,2013/09/18 08:00:00+00,
1280027.98116887,221732.908859074,226,Judge Ronald House,421 30th Ave S, ,9552200145,767967,124502,2013/10/22 08:00:00+00,
1269042.01200664,230460.694851205,227,901 Harrison St,901 Harrison St, ,1986200175,767968,125022,1899/12/30 08:00:00+00,
1268529.61904617,230051.346114829,228,777 Thomas St,777 Thomas St, ,1991201080,767969,124501,1899/12/30 08:00:00+00,
1253504.77077617,207518.963501841,229,Satterlee House,4862 Beach Drive SW,4866 Beach Drive SW,7936000245,767970,111022,1983/02/22 08:00:00+00,
1253347.99996002,207523.650989845,230,Satterlee House,4858 Beach Drive SW,4866 Beach Drive SW,7936000240,767971,111022,1983/02/22 08:00:00+00,
1253289.14581597,207533.026093856,231,Satterlee House,4854 Beach Drive SW,4866 Beach Drive SW,7936000235,767972,111022,1983/02/22 08:00:00+00,
1269052.49699865,223806.687933013,232,Fire Station No 5,925 Alaskan Way, ,7666202500,767973,125021,1899/12/30 08:00:00+00,
1265415.16809925,228122.912961036,233,Ainsworth & Dunn Warehouse,2815 Elliott Ave, ,7666202305,767974,125853,1899/12/30 08:00:00+00,
1282564.87512323,234667.015623122,234,McGilvra Elementary School,1617 38th Ave E,1617 38th Ave E,5318100820,767975,124777,,
1281278.38296203,250436.176085815,235,The Theodora,6559 35th Ave NE,6559 35th Ave NE,0425049047,767976,125105,1899/12/30 08:00:00+00,
1269680.61987923,224407.383741572,236,Schoenfeld Building,1012 1st Ave,1012 First Ave,0939000530,767977,124934,1899/12/30 08:00:00+00,
1274135.92893939,227786.563008711,237,Kelly-Springfield Motor Truck Co Bldg,1525 11th Ave,1525 11th Ave,6003500420,767978,0,1899/12/30 08:00:00+00,
1274142.10557939,227897.105856821,238,White Motor Company Building,1021 E. Pine Street,1021 E. Pine Street,6003500395,767979,,2014/12/17 08:00:00+00,
1257260.29500367,254263.426009372,239,Loyal Heights Elementary School,2501 NW 80th St,2501 NW 80th St,4443801580,767980,0,1899/12/30 08:00:00+00,
1270150.06871167,229856.727490649,240,Seattle Times Bldg - Printing Plant,1120 John Street,1120 John Street,1986200525,767981,0,1899/12/30 08:00:00+00,
1270154.40906367,229763.411522552,241,Seattle Times Bldg - 1947 Office Addition,1120 John Street,1120 John Street,1986200525,767982,0,1899/12/30 08:00:00+00,
1276027.35447714,229621.566530421,242,Anhalt Apartment Building,1600 E John St,1600 E John St,1806900395,767983,124236,1899/12/30 08:00:00+00,
1264247.31875417,232497.599045098,243,Ankeny Gowey House,912 2nd Ave W,912 2nd Ave W,3879900740,767984,123625,1899/12/30 08:00:00+00,
1266212.314916,230012.479138792,244,Horiuchi Mural,335 Thomas St,305 Harrison St,1985200003,767985,123292,1899/12/30 08:00:00+00,
1272009.1536414,225712.433470786,245,Sorrento Hotel,900 Madison St,900 Madison St,1979200270,767986,125853,1899/12/30 08:00:00+00,
1269649.2867592,232668.336229265,246,Lightship Relief/Swiftsure,860 Terry Ave N, , ,767987,0,1899/12/30 08:00:00+00,
1274693.5464759,233135.475269705,247,Volunteer Park Reservoir,1400 E Prospect St,1400 E Prospect St,2925049087,767988,0,,
1275201.35895637,232953.183685526,248,Volunteer Park Water Tower,1400 E Prospect St,1400 E Prospect St,2925049087,767989,0,,
1274326.35901956,234078.183622584,249,Volunteer Park Grounds,1400 E Prospect St,1400 E Prospect St,2925049087,767990,0,,
1274318.54641154,233700.57939823,250,Volunteer Park Grounds,1400 E Prospect St,1400 E Prospect St,2925049087,767991,0,,
1274308.12977155,233328.183621883,251,Volunteer Park Grounds,1400 E Prospect St,1400 E Prospect St,2925049087,767992,0,,
1274284.69233152,232994.850245565,252,Volunteer Park Grounds,1400 E Prospect St,1400 E Prospect St,2925049087,767993,0,,
1274508.65060373,232854.225349441,253,Volunteer Park Grounds,1400 E Prospect St,1400 E Prospect St,2925049087,767994,0,,
1275998.62500511,229448.874946266,254,Capitol Hill United Methodist Church,128 16th Ave E,128 16th Ave E,8080400005,767995,106144,1977/01/10 08:00:00+00,
1281883.5000186,229793.18752259,255,Brehm Brothers House #1,219 36th Ave E,219 36th Ave E,1778500360,767996,108734,1979/12/24 08:00:00+00,
1282036.87499474,228807.203137666,256,Epiphany Chapel,3719 E Denny Way,3719 E Denny Way,9103000660,767997,107756,1978/10/23 08:00:00+00,
1267106.37501283,227637.234368578,257,Barnes Building,2320 1st Ave,2320 1st Ave,0655000020,767998,107754,1978/10/23 08:00:00+00,
1267049.25002079,227690.156224623,258,Bell Building,2326 1st Ave,2326 1st Ave,0657008888,767999,107753,1978/10/23 08:00:00+00,
1267737.74998942,228369.843777254,259,Fire Station #2,2318 4th Ave,2318 4th Ave,0696000160,768000,113089,1986/09/29 08:00:00+00,
1268285.12496594,226559.593791574,260,Terminal Sales Building,1932 1st Ave,1932 First Ave,1977200920,768001,114774,1989/10/16 08:00:00+00,
1268686.6249983,226646.43743965,261,Josephinum/New Washington Hotel,1902 2nd Ave,1902 2nd Ave,1977201060,768002,114770,1989/10/16 08:00:00+00,
1269150.24995874,226674.906303689,262,Bon Marche,300 Pine St,300 Pine St,1977201320,768003,114772,1989/10/16 08:00:00+00,
1269411.37495098,226442.859327465,263,Street Clock:  Century Square,1529 4th Ave,1529 4th Ave,1975700365,768004,0,,
1269913.87504745,226501.484351516,264,Coliseum Theatre Building,5th Ave / Pike St,5th Ave / Pike St,1975700155,768005,107526,1978/01/17 08:00:00+00,
1269079.74999067,226277.609407306,265,Olympic Tower,217 Pine St,217 Pine St,6385300005,768006,113425,1987/05/11 08:00:00+00,
1269662.75005521,226338.546879366,266,Northern Bank and Trust/Seaboard Building,1506 Westlake Ave,1506 Westlake Ave,7628758888,768007,114769,1989/10/16 08:00:00+00,
1269649.09827921,232654.72374925,267,Street Clock:  Carroll's Jewelers,860 Terry Ave N,1427 4th Ave, ,768008,0,,
1269617.12496717,226067.312447116,268,Joshua Green Building,1425 4th Ave,1425 4th Ave,1975700305,768009,122778,2008/10/11 08:00:00+00,
1269430.750055,225703.656254783,269,Mann Building,1411 3rd Ave,1411 3rd Ave,1975700525,768010,115037,1990/04/16 08:00:00+00,
1269906.75005545,225234.593726337,270,Seattle Tower,1212 3rd Ave,1212 3rd Ave,1975200005,768011,125836,,
1269571.50000714,224217.4999654,271,1st Avenue Groups/Waterfront Center:  Globe Building,1005 1st Ave,1001-1011 1st Ave,1974600035,768012,111058,1983/03/21 08:00:00+00,
1269541.7499911,224268.062525436,272,1st Avenue Groups/Waterfront Center:  Beebe Building,1013 1st Ave,1013 1st Ave,0268800005,768013,111058,1983/03/21 08:00:00+00,
1269426.12503099,224174.515645355,273,1st Avenue Groups/Waterfront Center:  National Building,1018 Western Ave,1006-1024 Western Ave,7666202515,768014,111058,1983/03/21 08:00:00+00,
1270886.75005636,227377.671872333,274,Paramount Theatre and Building,901 Pine St,901 Pine St,0660000955,768015,117507,1995/02/13 08:00:00+00,
1270659.74999215,226531.234367549,275,Eagles Temple Building,1416 7th Ave,1416 7th Ave,2141298888,768016,112272,1985/05/06 08:00:00+00,
1272105.87504949,224336.000061497,276,Trinity Parish Episcopal Church,609 8th Ave,609 8th Ave,8590400490,768017,106087,1976/12/20 08:00:00+00,
1270830.4999443,224322.531261489,277,Rainier Club,810 4th Ave,810 4th Ave,0942000510,768018,113459,1987/06/01 08:00:00+00,
1270415.37495191,223669.453116879,278,Street Clock:  Hong Kong/Shanghai Banking Co.,703 3rd Ave,703 3rd Ave, ,768019,0,,
1273316.87498662,227220.671936184,279,Old Fire Station #25,1400 Harvard Ave,1400 Harvard Ave,2557258888,768020,106054,1976/12/21 08:00:00+00,
1273227.00004253,226886.515647873,280,Seattle 1st Baptist Church,1121 Harvard Ave,1121 Harvard Ave,1978201185,768021,110351,1981/12/28 08:00:00+00,
1281613.50001834,225202.093758315,281,Myron Ogden House,702 35th Ave,702 35th Ave,0345000135,768022,107522,1978/07/17 08:00:00+00,
1275530.49994868,214180.562484041,282,Beacon Hill 1st Baptist Church,1607 S Forest St,1607 S Forest St,3086003350,768023,110349,1981/12/28 08:00:00+00,
1281638.47131437,217462.863351107,283,Ellsworth Storey Historic Cottages ,1727 36th Ave S,1725-29 36th Ave S,1250204810,768024,108733,1979/12/24 08:00:00+00,
1281225.00644998,217662.802487284,284,Ellsworth Storey Historic Cottage,1706 Lake Washington Blvd S,1706-1816 Lake Washington Blvd S, ,768025,108733,1979/12/24 08:00:00+00,
1274715.25002792,221868.515643209,285,Victorian Row Apartment Building,1236-38 S King St,1236-38 S King St,8170100165,768026,108224,1979/05/14 08:00:00+00,
1274169.25002742,219085.218744621,286,Black Property,1319 12th Ave S,1319 12th Ave S,7660100005,768027,110353,1981/12/28 08:00:00+00,
1270769.99997625,223164.984380409,287,L. C. Smith Building (Smith Tower),506 2nd Ave,506 2nd Ave,0939000060,768028,113427,1987/05/11 08:00:00+00,
1276269.63082936,245217.978960946,288,"University Presbyterian Church ""Inn""",4555 - 16th Ave NE,4555 - 16th Ave NE,8823902210,768029,112089,1984/12/24 08:00:00+00,
1253401.12495208,207519.484333843,289,Satterlee House,4866 Beach Drive SW,4866 Beach Drive SW,7936000231,768030,111022,1983/02/22 08:00:00+00,
1256592.62498704,193850.99996911,290,Fauntleroy Community Church and YMCA,9260 California Ave SW,9260 California Ave SW,3524039078,768031,110348,1981/12/28 08:00:00+00,
1286345.37496676,190367.484317869,291,Kubota Gardens,9727 Renton Ave S,9727 Renton Ave S,7131300122,768032,0,,
1270637.00004013,224293.109437466,292,Leamington Hotel and Apts,317 Marion St,317 Marion St,0942000555,768033,117398,1994/11/28 08:00:00+00,
1271480.24996091,231402.140612081,293,Jensen Block,601-611 Eastlake Ave E,601-611 Eastlake Ave E,2925049097,768034,118045,1996/03/11 08:00:00+00,
1269975.1249675,229812.484418601,294,Seattle Times Building,1120 John Street,1120 John Street,1986200525,768035,118046,1996/03/11 08:00:00+00,
1270072.3750156,230276.437443033,295,Troy Laundry Building,311-329 Fairview Ave North,311-329 Fairview Ave North,1986200480,768036,118047,1996/03/11 08:00:00+00,
1271817.25002523,227393.531200349,296,Wintonia Hotel,1431 Minor Ave,1431 Minor Ave,8725600350,768037,118048,1996/03/11 08:00:00+00,
1251055.12494989,214670.812468499,297,Log House Museum Building,3003 61st Av SW,3003 61st Av SW,7621200070,768038,118237,1996/08/12 08:00:00+00,
1251039.00002187,215019.781300828,298,Fir Lodge/ Alki Homestead Restaurant,2717 61st Av SW,2717 61st Av SW,7621200006,768039,118235,1996/08/12 08:00:00+00,
1270729.50000821,223500.890684724,299,Lyon Building,607 Third Avenue,607 Third Avenue,0939000105,768040,118236,1996/08/12 08:00:00+00,
1269734.24995928,226953.265599936,300,Frederick and Nelson Bldg,500 Pine St,500-524 Pine St,0659000070,768041,118716,1997/09/08 08:00:00+00,
1277915.8750549,223020.374972284,301,Yesler Houses,103 23rd Av,"103,107,109 23rd Av",9827700065,768042,118983,1998/04/27 08:00:00+00,
1271980.12503338,194568.374945775,302,Concord Elementary School,723 S Concord St,723 S Concord St,7885100255,768043,120918,2002/09/16 08:00:00+00,
1284353.2500369,194908.843810096,303,Dunlap Elementary School,8621 48th Av S,8621 48th Av S,2123700235,768044,120917,2002/09/16 08:00:00+00,
1270525.50000802,231773.968708426,304,Ford Assembly Plant,1155 Valley St, ,1984200035,768045,119114,1998/08/17 08:00:00+00,
1266884.62499663,227143.593792126,305,Seattle Empire Laundry Building,66 Bell St,66 Bell St,0699808888,768046,119352,1999/01/19 08:00:00+00,
1266578.37501234,230024.343746796,306,Space Needle,219 Fourth Av,219 4th Av,1985200495,768047,119428,1999/04/19 08:00:00+00,
1288187.37496847,191026.468766481,307,Emerson Elementary School,9709 60th Ave S,9709 60th Ave S,7129302300,768048,120919,2002/09/16 08:00:00+00,
1281077.50001785,248479.453139991,308,Bryant Elementary School,3400 NE 60th St,3311 NE 60th St,8827900180,768049,120916,2002/09/16 08:00:00+00,
1267711.0000374,226830.999999821,309,Guiry Hotel,2104 1st Ave,2101-2105-1/2 1st Ave,2953708888,768050,113422,1987/05/11 08:00:00+00,
1271290.87498473,233320.531269878,310,M.V. Thea Foss,1111 Fairview Av N,1111 Fairview Av N,4088802995,768051,119418,1999/03/29 08:00:00+00,
1271203.25002465,233262.124997824,311,M.V. Malibu,1111 Fairview Av N,1111 Fairview Av N,4088802995,768052,119419,1999/03/29 08:00:00+00,
1273993.74999525,228875.765569732,312,Lincoln Reservoir,1000 E PINE ST,1000 E PINE ST,6003500490,768053,121042,2002/12/16 08:00:00+00,
1270595.12496808,227521.890624478,313,Camlin Hotel,1619 9th Av,1619 9th Av,0660000825,768054,119470,1999/05/17 08:00:00+00,
1270039.99997556,228439.73433733,314,El Rio Apts,1922 9th Av,1922-1928 9th Av,0660001235,768055,121218,2003/07/14 08:00:00+00,
1270318.49994382,239065.04685922,315,Gas Works Park,1901 N Northlake Way,1901 N Northlake Way,1249700005,768056,121043,2002/12/16 08:00:00+00,
1262503.87504055,233527.140678063,316,Parsons Memorial Garden,618 W Highland Dr,immediately west of 618 W Highland Dr,1732800560,768057,109319,1980/09/02 08:00:00+00,
1271012.24996047,229902.656194687,317,New Richmond Laundry Building,224 Pontius Ave N,224 Pontius Ave N,6849700100,768058,121216,2003/07/14 08:00:00+00,
1262115.87504019,233973.765574485,318,West Queen Anne Walls,8th Pl W / 7th Ave W,west side 8th Place W and 7th Ave W, ,768059,106069,1976/12/13 08:00:00+00,
1266158.49993995,227611.812544554,319,Belltown Cottages,2512 Elliott Av,2512-2512a-2516 Elliott Av,0653000184,768060,121220,2003/07/14 08:00:00+00,
1269814.75005536,230727.359427452,320,Van Vorst Building,415 Boren Av N,413-421 Boren Av N,1983200270,768061,121218,2003/07/14 08:00:00+00,
1281417.75000216,250666.56251803,321,North East Library,6801 35th Av NE,6801 35th Av NE,0425049101,768062,121099,2003/03/24 08:00:00+00,
1253916.50005655,239323.578187466,322,Magnolia Library,2801 34th Av W,2801 34th Av W,1377800250,768063,121100,2003/03/24 08:00:00+00,
1268152.51299781,225211.911742315,323,Pier 59,1415 Alaskan Way,1415 Alaskan Way,7666202422,768064,123862,2003/10/26 08:00:00+00,
1254639.99996123,257263.859420165,324,Rosen House,9017 Loyal Av NW,9017 Loyal Av NW,4441300300,768065,121215,2003/07/14 08:00:00+00,
1279889.75000075,265916.249956235,325,Lake City Library,12501 28th Av NE,12501 28th Av NE,3834500640,768066,121105,2003/03/24 08:00:00+00,
1262235.87504029,232746.078149334,326,Kinnear Park,988 W Olympic Pl,988 W Olympic Pl,3879901870,768067,0,,
1272585.74999394,252163.062487423,327,Green Lake Library,7364 E Green Lake Wy N,7364 E Green Lake Wy N,9528100740,768068,121106,2003/03/24 08:00:00+00,
1269409.12496698,227214.828096181,328,McGraw Square/McGraw Place,5th Ave / Stewart St,"intersection of 5th  Ave, Westlake  Ave, and Stewart St",0659000381,768069,112271,1985/05/06 08:00:00+00,
1274662.24996386,237772.781258017,329,Lake Washington Bicycle Path,E Interlaken Blvd / Delmar Dr E,Interlaken Blvd. between Delmar Dr E & 24th Ave E,2025049999,768070,0,,
1269740.35075928,232667.072869256,330,Excursion Boat Virginia V,860 Terry Ave N,Salmon Bay Waterway, ,768071,106278,1977/03/07 08:00:00+00,
1269689.54855125,232667.60410127,331,"Fireboat Duwamish, Hiram Chittenden Locks",860 Terry Ave N,Hiram Chittenden Locks,1125039012,768072,113428,1987/05/11 08:00:00+00,
1274176.00004342,201532.756904274,332,"Georgetown Steam Plant, SW of King Co.",XXXXX,Boeing Air Field,3466800065,768073,111884,1984/09/10 08:00:00+00,
1280455.83332926,183757.651095718,333,"Brill Trolley #798, Metro Trolley Barn",11911 E Marginal Way South,Metro Trolley Barn,7666203415,768074,107621,1978/03/21 08:00:00+00,
1266069.50000387,237146.328137428,334,Queen Anne Boulevard,XXXXX,Certain Streets on Queen Anne Hill, ,768075,0,,
1282366.24997105,218550.82808812,335,Lacey V Murrow Bridge & E Portals of the Mt Baker Tunnels,XXXXX,Lake Washington--Seattle to Mercer Island, ,768076,108270,1979/06/11 08:00:00+00,
1253939.37493657,247202.734418795,336,Salmon Bay Bridge,XXXXX,RR lines over Lake Washington Ship Canal, ,768077,109738,1981/03/02 08:00:00+00,
1276152.62500526,249032.890580505,337,Cowan Park Bridge,15th Ave NE / Cowen Pl NE,15th Ave NE through Ravenna Park, ,768078,110344,1981/12/28 08:00:00+00,
1277488.6250065,248477.703123987,338,20th Ave NE Bridge,NE 62nd St / 20th Ave NE,through Ravenna Park, ,768079,106143,1977/01/17 08:00:00+00,
1269783.85549533,232666.250917256,339,Tugboat Arthur Foss,860 Terry Ave N,Salmon Bay Waterway,7442001550,768080,106276,1977/03/07 08:00:00+00,
1277777.37495877,239553.343691677,340,Montlake Bridge and Montlake Cut,24th Ave E / E Montlake Pl E,24th Ave E & Montlake Blvd & Lake Washington Ship Canal, ,768081,107995,1979/12/13 08:00:00+00,
1279602.74993648,236724.968777046,341,Arboretum Aqueduct,Lake Washington Blvd,Lake Washington Blvd, ,768082,106070,1976/12/21 08:00:00+00,
1267020.49994075,229246.593730077,342,"Seattle, Chief of Suquamish Statue, Tillicum Place",5th Ave / Denny Way,"at intersection of 5th Ave, Denny Way, and Cedar St", ,768083,112273,1985/05/06 08:00:00+00,
1272028.12503342,233742.23443827,343,Lake Union Steam Plant,1179 Eastlake Ave E,1179 Eastlake Ave E,4088802925,768084,117251,1994/08/01 08:00:00+00,
1271983.62493737,230873.671875596,344,E Republican St Stairway,E Republican St / Bellevue Ave E,between Melrose Ave E / Bellevue Ave E, ,768085,109320,1980/09/02 08:00:00+00,
1269725.37495127,226208.156223252,345,Street Clock:  Ben Bridge Jewelers,409 Pike St,409 Pike St, ,768086,0,,
1269587.62506315,225145.984318256,346,Brooklyn Building,1222 2nd Ave,1222 2nd Ave,1974700120,768087,113088,1986/09/29 08:00:00+00,
1281944.65720266,206921.435277283,347,Street Clock:  Myers Music,4873 Rainier Ave S,1206 1st Ave,1974700210,768088,0,,
1269375.87504695,224601.265597746,348,1st Avenue Groups/Waterfront Center:  Grand Pacific Hotel,1116 1st Ave,1115-1117 1st Ave,1697508888,768089,111058,1983/03/21 08:00:00+00,
1269407.25002298,224442.265661597,349,1st Avenue Groups/Waterfront Center:  Colman Building,95 Spring St,94-96 Spring St,9197208888,768090,111058,1983/03/21 08:00:00+00,
1269428.24995899,224506.531261668,350,1st Avenue Groups/Waterfront Center:  Colonial Hotel,1117 1st Ave,1110-1123 1st Ave,9197208888,768091,111058,1983/03/21 08:00:00+00,
1269507.74999107,224362.515645534,351,1st Avenue Groups/Waterfront Center:  Hotel  Cecil,1021 1st Ave,1019-1023 1st Ave,1974600025,768092,111058,1983/03/21 08:00:00+00,
1272270.12503365,225195.499966308,352,"St James Cathedral, Rectory / Site",9th Ave / Marion St,9th Ave / Marion St,8590900085,768093,111579,1984/03/12 08:00:00+00,
1252911.12495162,214511.125044361,353,Schmitz Park Bridge,SW Admiral Way / SW Stevens St,Admiral Way over Schmitz Park Ravine, ,768094,110346,1981/12/28 08:00:00+00,
1257463.49999586,214840.062516659,354,Hiawatha Playfield,2700 California Ave SW,2700 California Ave SW,1124039001,768095,113090,1986/09/29 08:00:00+00,
1257553.37493993,214285.312436149,355,West Seattle High School,4075 SW Stevens St,4075 SW Stevens St,9277200385,768096,0,,
1265515.62505935,211629.874993667,356,Duwamish Railroad Bridge,Klickitat Ave SW / SW Spokane St,RR lines south of Spokane St Bridge over Duwamish Waterway, ,768097,0,,
1264013.74998595,237041.421897337,357,Queen Anne Boulevard,XXXXX,Certain Streets on Queen Anne Hill,         0,768098,0,,
1254492.87496908,252118.609367386,358,Norvell House,3306 NW 71st St,3306 NW 71st St,8081900175,768099,108210,1979/05/14 08:00:00+00,
1265273.74998713,255537.937498569,359,Street Clock:  Greenwood Jewelers,129 N 85th St,129 N 85th St,2919201281,768100,0,,
1280502.62500931,252275.421911523,360,Nathan Eckstein Junior High School,3003 NE 75th St,3003 NE 75th St,0425049022,768101,0,,
1258325.00002865,250329.187541708,361,Drake House,6414 22nd Ave NW,6414 22nd Ave NW,2767600235,768102,111025,1983/02/22 08:00:00+00,
1258985.49999727,249541.859412983,362,New Age Christian Church,1763 NW 62nd St,1763 NW 62nd St,2767602265,768103,110352,1981/12/28 08:00:00+00,
1258586.6249889,247625.531219199,363,Old Fire Station #18,5427 Russell Ave NW,5427 Russell Ave NW,2767703525,768104,106052,1976/12/13 08:00:00+00,
1258878.37500517,247283.515602872,364,Louisa Building,5220 20th Ave NW,5220 20th Ave NW,2767703400,768105,113424,1987/05/11 08:00:00+00,
1275695.12497284,246348.031186,365,University Heights Elementary School,5031 University Way NE,5031 University Way NE,8816400900,768106,125216,,
1266852.6249966,242530.874958456,366,B.F. Day School,3921 Linden Ave N,3921 Linden Ave N,1931301145,768107,0,,
1266578.87498035,240877.124940902,367,Fremont Hotel,3425 Fremont Ave N,3421-3429 Fremont Ave N,1972203160,768108,107993,1979/02/13 08:00:00+00,
1266653.12496442,239924.34375602,368,Fremont Bridge,Fremont Ave N / N 34th St,Fremont Ave N over Lake Washington Ship Canal, ,768109,110347,1981/12/28 08:00:00+00,
1267266.75005299,239690.593739808,369,"George Washington Memorial ""Aurora"" Bridge",Aurora Ave N / N 34th St,Aurora Ave N over Lake Washington Ship Canal, ,768110,110345,1981/12/28 08:00:00+00,
1269716.37501526,244769.312464535,370,Wallingford Police Station / Fire Station #11,1629 N 45th St,1629 N 45th St,0480000005,768111,111888,1984/09/10 08:00:00+00,
1270251.12496777,244653.875024423,371,Wallingford Center/Interlake,4416 Wallingford Ave N,4416 Wallingford Ave N,4083300140,768112,0,,
1271160.24996062,245779.515601471,372,Good Shepherd Center,4647 Sunnyside Ave N,4647 Sunnyside Ave N,0825049008,768113,111882,1984/09/10 08:00:00+00,
1273063.37495439,243208.937551081,373,Latona School,401 NE 42nd St,401 NE 42nd St,4206901020,768114,0,,
1275518.96305268,243518.265039369,374,University Methodist Episcopal Church and Parsonage,4142 Brooklyn Ave NE,4142 Brooklyn Ave NE,1142001500,768115,110350,1981/12/28 08:00:00+00,
1264887.12496276,235442.093767852,375,Bethany Presbyterian Church,1818 Queen Anne Ave N,1818 Queen Anne Ave N,4232901075,768116,112801,1986/04/21 08:00:00+00,
1281060.49995384,244760.031312525,376,Street Clock:  Benton's Jewelers,3216 NE 45th St,3216 NE 45th St,2436200896,768117,0,,
1266026.12502784,237974.703178212,377,N Queen Anne Dr Bridge,Queen Anne Dr / Warren Ave N,over Wolf Creek Canyon, ,768118,110343,1981/12/28 08:00:00+00,
1266797.25002055,236372.265672714,378,Hay School,2100 4th Ave N,2100 4th Ave N,1689400145,768119,0,,
1272914.49994624,238431.187530637,379,Nelson/Steinbrueck House,2622 Franklin Ave E,2622 Franklin Ave E,1959700205,768120,111023,1983/02/22 08:00:00+00,
1272962.75005829,237993.48436223,380,Seward School,2515 Boylston Ave E,2515 Boylston Ave E,1959700005,768121,0,,
1273545.50001083,238725.156298906,381,Harvard Mansion,2706 Harvard Ave E,2706 Harvard Ave E,1959700875,768122,116053,1992/01/27 08:00:00+00,
1273729.74999501,234498.515654966,382,P.P. Ferry House/Old Deanery of St Mark's Cathedral,1531 10th Ave E,1531 10th Ave E,2025049119,768123,108213,1979/05/14 08:00:00+00,
1273746.49994701,234285.296838775,383,St Nicholas/Lakeside School,1501 10th Ave E,1501 10th Ave E,2025049052,768124,111881,1984/09/10 08:00:00+00,
1263083.12496109,234246.203078732,384,West Queen Anne Elementary School,515 W Galer St,515 W Galer St,9270158888,768125,106146,1977/01/17 08:00:00+00,
1262694.49993673,233651.999942183,385,Stuart/Balcom House,619 W Comstock St,619 W Comstock St,1732800660,768126,111886,1984/09/10 08:00:00+00,
1262781.87504081,233888.015686393,386,C. H. Black House / Gardens,615 W Lee St,615 W Lee St,1732801125,768127,115036,1990/04/16 08:00:00+00,
1262676.49993671,233543.687494084,387,Parsons House,618 W Highland Dr,618 W Highland Dr,1732800630,768128,109317,1980/09/02 08:00:00+00,
1262599.37494464,232816.046917409,388,Chelsea Apartment Building,620 W Olympic Pl,620 W Olympic Pl,3879901915,768129,107755,1978/10/23 08:00:00+00,
1262255.12496032,233066.687557638,389,Bowen/Huston Bungalow,715 W Prospect St,715 W Prospect St,3879901965,768130,111887,1984/09/10 08:00:00+00,
1262985.374945,233495.171910033,390,McFee/Klockzien House,524 W Highland Dr,524 W Highland Dr,1732800710,768131,109318,1980/09/02 08:00:00+00,
1264247.62505817,232262.296900883,391,Del a Mar Apartment Building,115 W Olympic Pl,115 W Olympic Pl,3879900670,768132,107752,1978/10/23 08:00:00+00,
1268369.00003801,230678.593731418,392,Street Clock:  West Earth Co.,406 Dexter Ave N,406 Dexter Ave N,1988201380,768133,0,,
1272599.87504995,232669.453125268,393,Bystrom House,1022 Summit Ave E,1022 Summit Ave E,2163901670,768134,108214,1979/05/14 08:00:00+00,
1272710.49994606,229236.328130066,394,Ward House,520 E Denny Way,520 E Denny Way,6848200656,768135,106067,1976/12/13 08:00:00+00,
1273964.75005922,231706.296900362,395,Anhalt Apartment Building,1014 E Roy St,1014 E Roy St,8579108888,768136,108227,1979/05/14 08:00:00+00,
1274037.5000113,231578.109380245,396,Anhalt Apartment Building,1005 E Roy St,1005 E Roy St,2663000620,768137,108731,1979/12/24 08:00:00+00,
1276855.37495792,233973.796934485,397,Stevens School,1242 18th Ave E,1242 18th Ave E,1337801270,768138,0,,
1276798.62500586,231994.234436631,398,St Joseph's Church,732 18th Ave E,732 18th Ave E,1336800825,768139,0,,
1267650.49994133,226894.984383881,399,Schillestad Building,2111 1st Ave,2111 1st Ave,1977200535,768140,113460,1987/06/01 08:00:00+00,
1268538.12503017,226785.859391779,400,Moore Theatre and Hotel Building,1932 2nd Ave,1932 2nd Ave,1977201035,768141,114773,1989/10/16 08:00:00+00,
1269914.62499945,226805.79692781,401,Shafer Building/6th and Pine Building,515 Pine St,515 Pine St,1975700120,768142,113430,1987/05/11 08:00:00+00,
1269973.50000751,226706.171839714,402,Decatur Building,1521 6th Ave,1521 6th Ave,1975700125,768143,112275,1985/05/06 08:00:00+00,
1266464.12502824,228231.546817139,403,New Pacific Apartment Building,2602 1st Ave,2600-04 1st Ave,0654000085,768144,108517,1979/07/17 08:00:00+00,
1266780.12502854,227665.234368607,404,Hull Building,2403 1st Ave,2401-05 1st Ave,0653000120,768145,108518,1979/07/17 08:00:00+00,
1269759.74999131,226152.140607193,405,Liggett/4th and Pike Building,1424 4th Ave,1424 4th Ave,1975700235,768146,113426,1987/05/11 08:00:00+00,
1268790.8749824,226138.750015184,406,J.S. Graham Store/Doyle Building,119 Pine St,119 Pine St,1975700605,768147,113987,1988/05/31 08:00:00+00,
1269880.75005542,225951.796927005,407,Great Northern Building,1404 4th Ave,1404 4th Ave,1975700290,768148,114768,1989/10/16 08:00:00+00,
1269682.49994323,225893.734334961,408,1411 4th Ave Building,1411 4th Ave,1411 4th Ave,1975700345,768149,114771,1989/10/16 08:00:00+00,
1268778.37501439,225292.874942392,409,84 Union Building/U.S. Immigration Building,84 Union St,84 Union St,1976200160,768150,113990,1988/05/31 08:00:00+00,
1268943.00003855,224606.812477753,410,Olympic Warehouse and Cold Storage Building,1205 Western Ave,1203-7 Western Ave,7666202480,768151,113429,1987/05/11 08:00:00+00,
1269642.6249992,224448.468797609,411,Holyoke Building,107 Spring St,107 Spring St,0939000515,768152,107521,1978/07/17 08:00:00+00,
1270013.74999154,223955.281213149,412,Exchange Building,821 2nd Ave,821 2nd Ave,0939000335,768153,115038,1990/04/16 08:00:00+00,
1270095.99997562,223935.531197131,413,Puget Sound Bank (Bank of California),815 2nd Ave,815 2nd Ave,0939000345,768154,113602,1987/09/08 08:00:00+00,
1269810.49994335,223776.359356984,414,Colman Building,810 1st Ave,801-821 1st Ave,8591400005,768155,114993,1990/03/19 08:00:00+00,
1274963.00004415,228565.609409437,415,St Nicholas Russian Orthodox Cathedral,1714 13th Ave,1714 13th Ave,6003000910,768156,106098,1976/12/20 08:00:00+00,
1275276.75006044,227818.578112751,416,1st African Methodist Episcopal Church,1522 14th Ave,1522 14th Ave,0222000010,768157,111928,1984/09/24 08:00:00+00,
1272302.37501767,227321.812544286,417,Summit School/Northwest School,1415 Summit Ave,1415 Summit Ave,8804901000,768158,114994,1990/03/19 08:00:00+00,
1272445.6249378,226685.531199694,418,Stimson/Green House,1204 Minor Ave,1204 Minor Ave,1978200805,768159,106068,1977/12/21 08:00:00+00,
1270530.24996002,224485.984317645,419,YMCA Central Branch:  South Building,909 4th Ave,909 4th Ave,0942000350,768160,116056,1992/01/27 08:00:00+00,
1272359.00004172,224570.203069717,420,U.S. Assay Office/German House,613 9th Ave,613 9th Ave,8590400796,768161,111712,1984/05/29 08:00:00+00,
1270740.24996021,223855.437501058,421,Arctic Building,306 Cherry St,306 Cherry St,0942000610,768162,116969,1993/12/13 08:00:00+00,
1270531.50000803,223767.37503697,422,Dexter Horton Building,710 2nd Ave,710 2nd Ave,0939000260,768163,116970,1993/12/13 08:00:00+00,
1276555.50001363,225949.531199008,423,Immaculate Conception Church,820 18th Ave,820 18th Ave,2254502165,768164,106142,1977/01/10 08:00:00+00,
1278035.07479902,225830.599102899,424,Twenty-third Ave Houses Group,818 23rd Ave,812-828 23rd Ave,9126102040,768165,108732,1979/12/24 08:00:00+00,
1268698.87498231,226049.109439105,425,Colonnade Hotel/Gatewood Apartments,107 Pine St,107 Pine St,1975700600,768166,125673,2017/06/20 08:00:00+00,
1267882.64611755,228227.188929126,426,Franklin Apartments,2302 4th Ave,2302 4th Ave,0696000140,768167,0,1899/12/30 08:00:00+00,
1270397.7601039,268327.267046481,427,Ingraham High School,1819 N 135th St,1819 N 135th St,1926049321,768168,0,1899/12/30 08:00:00+00,
1273118.24996243,223832.843709037,428,Old Fire Station #3,301 Terry Ave,301 Terry Ave,8590900220,768169,106051,1976/12/21 08:00:00+00,
1276457.27294154,243285.951951146,429,UW Parrington Hall,4105 Memorial Way NE,4105 Memorial Dr NE,1625049001,768170,125838,1899/12/30 08:00:00+00,
1263353.99996933,234932.265671372,430,Queen Anne Library,400 W Garfield St,400 W Garfield St,4232902230,768171,121101,2003/03/24 08:00:00+00,
1265211.73801906,236452.313128784,431,Frances Skinner Edris Nurses Home,2120 1st Ave N,,,768172,125744,,
1274033.23847529,244040.018927857,432,Anhalt Hall,711 NE 43rd Street,,,768173,125674,,
1273093.85313042,227218.85075219,433,Knights of Columbus,700-722 East Union Street,,,768174,,,
1281198.73284996,217627.223575249,434,Ellsworth Storey Historic Cottage,1708 Lake Washington Blvd S,,,768175,108733,,
1279169.05752006,199708.601446569,435,Van Asselt School,7201 Beacon Avenue South,,,768176,,2019/03/20 08:00:00+00,
1278391.83252734,222399.347515702,436,Most Worshipful Prince Hall Grand Lodge,306 24th Ave S,,,768177,,,
1263537.40700951,235008.73639144,437,Sunset Telephone & Telegraph/Queen Anne Masonic Temple,1608 4th Avenue W,,,768178,126051,,
1268973.10909458,225596.12700668,438,The Showbox,1426 1st Avenue,,,768179,,,
1281264.53928202,217626.434775248,439,Ellsworth Storey Historic Cottage,1710 Lake Washington Blvd S,,,768180,108733,,
1281479.53249823,217466.841719106,440,Ellsworth Storey Historic Cottage,1800 Lake Washington Blvd S,,,768181,108733,,
1269612.03063117,258571.441597387,441,liq'ted (Licton) Springs Park,9536 Ashworth Avenue N,,,768182,,,
1273858.22228312,204349.506922886,442,Rainier Cold Storage/Ice/Seattle Brewing/Malting Co. Bldg,5622-6010 Airport Way S,6000-6004 Airport Way S,0001800023,768183,116973,1993/12/13 08:00:00+00,
1274075.23617132,204023.118058592,443,Rainier Cold Storage/Ice/Seattle Brewing/Malting Co. Bldg,5622-6010 Airport Way S,6000-6004 Airport Way S,0001800023,768184,116973,1993/12/13 08:00:00+00,
1274205.44452344,203818.256938398,444,Rainier Cold Storage/Ice/Seattle Brewing/Malting Co. Bldg,5622-6010 Airport Way S,6000-6004 Airport Way S,0001800023,768185,116973,1993/12/13 08:00:00+00,
1274280.09729151,203785.27082637,445,Rainier Cold Storage/Ice/Seattle Brewing/Malting Co. Bldg,5622-6010 Airport Way S,6000-6004 Airport Way S,0001800023,768186,116973,1993/12/13 08:00:00+00,
1274358.22228359,203755.756938338,446,Rainier Cold Storage/Ice/Seattle Brewing/Malting Co. Bldg,5622-6010 Airport Way S,6000-6004 Airport Way S,0001800023,768187,116973,1993/12/13 08:00:00+00,
1277812.8595988,241876.183181837,447,UW Eagleson Hall,1417 NE 42nd Street,,,768188,126050,,
1281500.37109023,217465.825207099,448,Ellsworth Storey Historic Cottage,1804 Lake Washington Blvd S,,,768189,108733,,
1281535.94917028,217465.825207099,449,Ellsworth Storey Historic Cottage,1808 Lake Washington Blvd S,,,768190,108733,,
1281563.90337829,217465.825207099,450,Ellsworth Storey Historic Cottage,1810 Lake Washington Blvd S,,,768191,108733,,
1281597.95665833,217464.300407112,451,Ellsworth Storey Historic Cottage,1814 Lake Washington Blvd S,,,768192,108733,,
1281620.32001835,217464.8086631,452,Ellsworth Storey Historic Cottage,1816 Lake Washington Blvd S,,,768193,108733,,
1281691.98443443,217466.333463103,453,Ellsworth Storey Historic Cottage,1725 36th Ave S,,,768194,108733,,
1281692.56693041,217430.172887072,454,Ellsworth Storey Historic Cottage,1729 36th Ave S,,,768195,108733,,
1272460.49450582,198893.925893813,455,Georgetown Steam Plant Pump Station (on Duwamish),7551 8th  Avenue South,,,768196,,,
1275364.67908452,243938.331791759,456,Canterbury Court,4225 Brooklyn Avenue NE,,,768197,126145,,
1277828.94161482,241837.54647781,457,UW Engineering Annex / AYPE Foundry,3900 E. Stevens Way NE,,,768198,126153,,
1273507.6171948,229185.010690019,458,Avon Apartments / Capitol Crest Apartments,1831-35 Broadway Avenue,,,768199,,,
1275245.32990041,243608.164495453,459,Nickel Apartments / Villa Camini,1205 NE 42nd Street,,,768200,126171,,
1274267.55034751,227459.276064411,460,1101 E. Pike Street,1101 E. Pike Street,,,768201,,,
1268428.15757407,235806.855208188,461,Swedish Club,1920 Dexter Avenue N.,,,768202,126303,,
1275259.66628443,231995.920260638,462,Bordeaux House,806 14th Avenue E,,,768203,,,
1268883.18365449,225714.101502791,463,Hotel Elliott / Hahn Building,103 Pike Street,,,768204,,,
1273935.4452592,234290.245446771,464,The Fairfax,1508 10th Avenue E,,,768205,,,
1272178.69959356,222371.496155679,465,Panama Hotel and Hashidate Yu Bathhouse,605 South Main St,,,768206,,,
1277991.70484698,242634.118958548,466, UW Faculty Club,4020 E. Stevens Way NE,,,768207,,,
1275625.42116477,221673.604411021,467,Seattle Japanese Language School,1414 S Weller St,1414 S Weller St,3320500175,768208,125743,,
1274950.95898814,243736.085711569,468,El Monterey,4204 11th Avenue NE,,,768209,,,
1275859.00967699,244793.278992563,469,University National Bank,4502 University Way NE,,,768210,,,
1269963.7596235,232166.806596801,470,Center for Wooden Boats,1010 Valley Street,,,768211,,,
1275873.422573,225785.860414848,471,Considine House/Cohen House/Immaculate Conception Convent,802 16th Avenue,,,768212,,,
1276313.61607741,229212.710882053,472,La Quinta,1710 E. Denny Way,,,768213,,,
1275218.78833239,231020.338179722,473,Cayton Revels House,518 14th Ave E,,,768214,,,
1267886.66669357,238715.289930895,474,Wagner Floating Home,"2700 Westlake Avenue N, Unit 10",,,768215,,,
1272078.22128947,251721.210199013,475,Evans Pool,7201-7359 E. Green Lake Drive N ,,,768216,,,
1271826.67991324,226447.141951472,476,Cassel Crag Apartments,1218 Terry Avenue,,,768217,,,
