"County Name","Census Tract","Unaffordable Housing Units","Total Occupied Housing Units","Unaffordable Housing Unit Percentage","Lower ME","Upper ME","IBL Rank"
"n/a","State Total","902723","2848396","31.69","31.69","31.69","6"
"Adams","53001950100","289","1050","27.52","27.47","27.58","4"
"Adams","53001950200","53","615","8.62","8.57","8.66","1"
"Adams","53001950300","546","1655","32.99","32.89","33.09","7"
"Adams","53001950400","265","974","27.21","27.11","27.31","4"
"Adams","53001950500","438","1679","26.09","26","26.17","4"
"Asotin","53003960100","297","1706","17.41","17.36","17.46","1"
"Asotin","53003960200","307","2045","15.01","14.95","15.07","1"
"Asotin","53003960300","470","1433","32.8","32.71","32.89","7"
"Asotin","53003960400","334","954","35.01","34.92","35.1","8"
"Asotin","53003960500","454","1471","30.86","30.77","30.95","6"
"Asotin","53003960600","326","1492","21.85","21.78","21.92","2"
"Benton","53005010100","232","1848","12.55","12.51","12.6","1"
"Benton","53005010201","269","2163","12.44","12.39","12.48","1"
"Benton","53005010202","702","2799","25.08","25.01","25.15","3"
"Benton","53005010300","460","2352","19.56","19.49","19.62","1"
"Benton","53005010400","395","1371","28.81","28.73","28.89","5"
"Benton","53005010500","305","997","30.59","30.5","30.68","6"
"Benton","53005010600","621","1822","34.08","34.01","34.16","7"
"Benton","53005010701","165","864","19.1","19.03","19.16","1"
"Benton","53005010703","152","1120","13.57","13.51","13.63","1"
"Benton","53005010705","260","1777","14.63","14.58","14.68","1"
"Benton","53005010707","172","1058","16.26","16.19","16.32","1"
"Benton","53005010708","203","1278","15.88","15.83","15.94","1"
"Benton","53005010803","623","3248","19.18","19.13","19.23","1"
"Benton","53005010805","515","2848","18.08","18.02","18.14","1"
"Benton","53005010807","57","447","12.75","12.66","12.84","1"
"Benton","53005010809","716","2504","28.59","28.51","28.68","5"
"Benton","53005010810","434","2214","19.6","19.54","19.66","1"
"Benton","53005010811","216","1533","14.09","14.04","14.14","1"
"Benton","53005010813","1331","5080","26.2","26.14","26.27","4"
"Benton","53005010814","346","1403","24.66","24.59","24.74","3"
"Benton","53005010901","949","2615","36.29","36.19","36.4","8"
"Benton","53005010902","609","1747","34.86","34.77","34.95","7"
"Benton","53005011001","764","2111","36.19","36.09","36.29","8"
"Benton","53005011002","569","1887","30.15","30.07","30.23","6"
"Benton","53005011100","758","2768","27.38","27.31","27.46","4"
"Benton","53005011200","1022","2598","39.34","39.24","39.44","9"
"Benton","53005011300","557","1578","35.3","35.21","35.39","8"
"Benton","53005011401","507","1344","37.72","37.62","37.82","8"
"Benton","53005011402","297","1894","15.68","15.63","15.73","1"
"Benton","53005011501","703","2297","30.61","30.51","30.7","6"
"Benton","53005011503","768","3796","20.23","20.18","20.28","2"
"Benton","53005011504","214","995","21.51","21.42","21.59","2"
"Benton","53005011600","72","349","20.63","20.5","20.76","2"
"Benton","53005011700","968","2965","32.65","32.56","32.74","7"
"Benton","53005011800","636","2166","29.36","29.27","29.45","5"
"Benton","53005011900","418","2285","18.29","18.24","18.34","1"
"Benton","53005012000","0","0","0 (NR)","0","0","1"
"Chelan","53007960100","196","903","21.71","21.64","21.77","2"
"Chelan","53007960200","581","3053","19.03","18.98","19.08","1"
"Chelan","53007960300","626","2324","26.94","26.85","27.02","4"
"Chelan","53007960400","237","1363","17.39","17.32","17.46","1"
"Chelan","53007960500","596","2537","23.49","23.41","23.57","2"
"Chelan","53007960600","393","1421","27.66","27.6","27.72","4"
"Chelan","53007960700","224","1491","15.02","14.97","15.08","1"
"Chelan","53007960801","350","1060","33.02","32.91","33.13","7"
"Chelan","53007960802","1155","3245","35.59","35.51","35.67","8"
"Chelan","53007961000","855","2675","31.96","31.87","32.06","6"
"Chelan","53007961100","950","3221","29.49","29.41","29.57","5"
"Chelan","53007961200","343","1552","22.1","22.03","22.17","2"
"Chelan","53007961301","87","575","15.13","15.05","15.21","1"
"Chelan","53007961302","751","2964","25.34","25.27","25.4","3"
"Clallam","53009000200","124","488","25.41","25.27","25.55","3"
"Clallam","53009000300","566","1932","29.3","29.21","29.38","5"
"Clallam","53009000400","109","730","14.93","14.87","14.99","1"
"Clallam","53009000600","293","1481","19.78","19.74","19.83","1"
"Clallam","53009000700","485","1404","34.54","34.47","34.62","7"
"Clallam","53009000800","594","1780","33.37","33.29","33.45","7"
"Clallam","53009000900","588","1462","40.22","40.13","40.31","9"
"Clallam","53009001000","472","1210","39.01","38.91","39.11","9"
"Clallam","53009001100","517","1440","35.9","35.81","35.99","8"
"Clallam","53009001200","667","1772","37.64","37.57","37.72","8"
"Clallam","53009001300","402","1410","28.51","28.43","28.6","5"
"Clallam","53009001400","366","2009","18.22","18.15","18.28","1"
"Clallam","53009001500","181","987","18.34","18.27","18.4","1"
"Clallam","53009001600","415","1553","26.72","26.66","26.79","4"
"Clallam","53009001700","753","2281","33.01","32.93","33.1","7"
"Clallam","53009001800","313","1084","28.87","28.79","28.96","5"
"Clallam","53009001900","524","2841","18.44","18.39","18.5","1"
"Clallam","53009002000","883","2807","31.46","31.39","31.53","6"
"Clallam","53009002100","786","1773","44.33","44.24","44.43","10"
"Clallam","53009002300","790","2037","38.78","38.69","38.87","9"
"Clallam","53009940000","13","477","2.73 (NR)","2.68","2.77","1"
"Clallam","53009990100","0","0","0 (NR)","0","0","1"
"Clark","53011040101","371","1653","22.44","22.39","22.5","2"
"Clark","53011040102","272","1042","26.1","26.02","26.19","4"
"Clark","53011040201","491","2311","21.25","21.18","21.31","2"
"Clark","53011040202","368","1298","28.35","28.28","28.43","5"
"Clark","53011040203","484","1913","25.3","25.23","25.37","3"
"Clark","53011040301","130","671","19.37","19.3","19.45","1"
"Clark","53011040302","747","2997","24.92","24.86","24.99","3"
"Clark","53011040403","369","1437","25.68","25.61","25.75","3"
"Clark","53011040407","692","2213","31.27","31.19","31.35","6"
"Clark","53011040408","277","1204","23.01","22.94","23.07","2"
"Clark","53011040409","180","847","21.25","21.19","21.31","2"
"Clark","53011040411","445","1179","37.74","37.67","37.82","8"
"Clark","53011040412","570","1953","29.19","29.11","29.26","5"
"Clark","53011040413","402","1195","33.64","33.55","33.73","7"
"Clark","53011040414","651","1953","33.33","33.26","33.4","7"
"Clark","53011040415","344","1476","23.31","23.23","23.38","2"
"Clark","53011040416","270","1194","22.61","22.54","22.69","2"
"Clark","53011040504","385","1442","26.7","26.63","26.77","4"
"Clark","53011040505","321","1958","16.39","16.35","16.44","1"
"Clark","53011040507","267","789","33.84","33.75","33.93","7"
"Clark","53011040508","523","2438","21.45","21.38","21.52","2"
"Clark","53011040509","388","1218","31.86","31.77","31.94","6"
"Clark","53011040510","525","2040","25.74","25.68","25.79","3"
"Clark","53011040511","185","750","24.67","24.59","24.74","3"
"Clark","53011040603","382","1651","23.14","23.07","23.2","2"
"Clark","53011040604","482","1824","26.43","26.36","26.49","4"
"Clark","53011040605","519","2088","24.86","24.79","24.92","3"
"Clark","53011040608","315","1561","20.18","20.12","20.23","2"
"Clark","53011040609","331","1534","21.58","21.51","21.65","2"
"Clark","53011040610","253","1182","21.4","21.34","21.47","2"
"Clark","53011040703","736","2129","34.57","34.47","34.67","7"
"Clark","53011040706","521","1361","38.28","38.19","38.37","9"
"Clark","53011040707","317","1137","27.88","27.79","27.97","4"
"Clark","53011040709","523","1639","31.91","31.82","32","6"
"Clark","53011040710","1035","3335","31.03","30.97","31.1","6"
"Clark","53011040711","440","1098","40.07","39.95","40.2","9"
"Clark","53011040712","518","1995","25.96","25.9","26.03","4"
"Clark","53011040803","495","1939","25.53","25.46","25.59","3"
"Clark","53011040805","512","2669","19.18","19.12","19.24","1"
"Clark","53011040806","492","1648","29.85","29.78","29.93","5"
"Clark","53011040808","192","666","28.83","28.74","28.92","5"
"Clark","53011040809","562","2047","27.45","27.37","27.54","4"
"Clark","53011040810","386","1181","32.68","32.58","32.79","7"
"Clark","53011040904","1115","2529","44.09","43.99","44.19","10"
"Clark","53011040905","252","1215","20.74","20.67","20.81","2"
"Clark","53011040907","330","2104","15.68","15.64","15.73","1"
"Clark","53011040908","641","2352","27.25","27.17","27.34","4"
"Clark","53011040909","527","2213","23.81","23.73","23.89","3"
"Clark","53011040910","334","1498","22.3","22.22","22.37","2"
"Clark","53011041003","412","1578","26.11","26.04","26.18","4"
"Clark","53011041005","428","989","43.28","43.17","43.39","9"
"Clark","53011041007","405","1373","29.5","29.42","29.57","5"
"Clark","53011041008","371","1457","25.46","25.39","25.54","3"
"Clark","53011041009","564","1706","33.06","32.98","33.14","7"
"Clark","53011041010","757","1792","42.24","42.16","42.32","9"
"Clark","53011041011","270","1389","19.44","19.37","19.5","1"
"Clark","53011041104","437","1347","32.44","32.37","32.52","6"
"Clark","53011041105","461","2259","20.41","20.33","20.48","2"
"Clark","53011041107","355","1082","32.81","32.72","32.9","7"
"Clark","53011041108","1816","3111","58.37","58.29","58.46","10"
"Clark","53011041110","666","2396","27.8","27.71","27.88","4"
"Clark","53011041111","437","1263","34.6","34.5","34.7","7"
"Clark","53011041112","811","2512","32.29","32.2","32.37","6"
"Clark","53011041201","762","2700","28.22","28.15","28.29","5"
"Clark","53011041203","928","1880","49.36","49.27","49.45","10"
"Clark","53011041205","849","2123","39.99","39.88","40.1","9"
"Clark","53011041206","770","2068","37.23","37.14","37.33","8"
"Clark","53011041309","634","1875","33.81","33.75","33.88","7"
"Clark","53011041310","710","2405","29.52","29.45","29.6","5"
"Clark","53011041312","612","1834","33.37","33.3","33.44","7"
"Clark","53011041313","409","1024","39.94","39.84","40.04","9"
"Clark","53011041317","1070","2516","42.53","42.45","42.6","9"
"Clark","53011041318","942","2148","43.85","43.76","43.95","10"
"Clark","53011041319","625","2146","29.12","29.04","29.21","5"
"Clark","53011041320","799","2179","36.67","36.57","36.76","8"
"Clark","53011041321","247","1006","24.55","24.47","24.64","3"
"Clark","53011041322","877","1964","44.65","44.58","44.73","10"
"Clark","53011041323","1002","2235","44.83","44.73","44.93","10"
"Clark","53011041325","503","1953","25.76","25.7","25.81","3"
"Clark","53011041326","177","817","21.66","21.59","21.74","2"
"Clark","53011041327","817","2759","29.61","29.53","29.69","5"
"Clark","53011041328","854","2681","31.85","31.78","31.93","6"
"Clark","53011041329","610","2048","29.79","29.71","29.86","5"
"Clark","53011041330","375","1564","23.98","23.9","24.05","3"
"Clark","53011041331","328","920","35.65","35.55","35.75","8"
"Clark","53011041332","273","1211","22.54","22.47","22.62","2"
"Clark","53011041333","256","1096","23.36","23.26","23.45","2"
"Clark","53011041400","575","2275","25.27","25.2","25.35","3"
"Clark","53011041500","329","1129","29.14","29.04","29.24","5"
"Clark","53011041600","709","1358","52.21","52.11","52.31","10"
"Clark","53011041700","677","1591","42.55","42.45","42.66","9"
"Clark","53011041800","742","1610","46.09","45.98","46.19","10"
"Clark","53011041900","310","962","32.22","32.16","32.29","6"
"Clark","53011042000","175","709","24.68","24.62","24.75","3"
"Clark","53011042100","399","1238","32.23","32.14","32.32","6"
"Clark","53011042300","471","1603","29.38","29.29","29.47","5"
"Clark","53011042400","474","881","53.8","53.7","53.9","10"
"Clark","53011042500","316","811","38.96","38.88","39.05","9"
"Clark","53011042600","1087","2845","38.21","38.13","38.29","9"
"Clark","53011042700","1033","2154","47.96","47.88","48.04","10"
"Clark","53011042800","371","1279","29.01","28.92","29.1","5"
"Clark","53011042900","137","607","22.57","22.49","22.65","2"
"Clark","53011043000","296","713","41.51","41.42","41.61","9"
"Clark","53011043100","463","1724","26.86","26.78","26.93","4"
"Columbia","53013960200","449","1795","25.01","24.95","25.07","3"
"Cowlitz","53015000300","125","287","43.55","43.41","43.7","10"
"Cowlitz","53015000400","983","2016","48.76","48.69","48.83","10"
"Cowlitz","53015000501","410","1201","34.14","34.05","34.23","7"
"Cowlitz","53015000502","861","1772","48.59","48.5","48.68","10"
"Cowlitz","53015000601","673","1772","37.98","37.9","38.06","8"
"Cowlitz","53015000602","337","1244","27.09","27","27.18","4"
"Cowlitz","53015000702","368","1220","30.16","30.06","30.27","6"
"Cowlitz","53015000703","287","726","39.53","39.43","39.63","9"
"Cowlitz","53015000704","1167","3009","38.78","38.69","38.88","9"
"Cowlitz","53015000800","712","2748","25.91","25.84","25.98","4"
"Cowlitz","53015000900","671","2605","25.76","25.68","25.83","3"
"Cowlitz","53015001000","218","535","40.75","40.64","40.85","9"
"Cowlitz","53015001100","933","2248","41.5","41.39","41.62","9"
"Cowlitz","53015001200","489","1698","28.8","28.73","28.86","5"
"Cowlitz","53015001300","425","1376","30.89","30.82","30.96","6"
"Cowlitz","53015001501","378","1271","29.74","29.65","29.83","5"
"Cowlitz","53015001502","764","3051","25.04","24.97","25.11","3"
"Cowlitz","53015001600","771","2681","28.76","28.69","28.82","5"
"Cowlitz","53015001700","332","1917","17.32","17.23","17.41","1"
"Cowlitz","53015001800","192","629","30.52","30.43","30.62","6"
"Cowlitz","53015001900","471","2006","23.48","23.4","23.56","2"
"Cowlitz","53015002001","290","1436","20.19","20.12","20.27","2"
"Cowlitz","53015002002","570","2537","22.47","22.41","22.53","2"
"Cowlitz","53015002100","998","1967","50.74","50.63","50.85","10"
"Douglas","53017950100","309","2209","13.99","13.95","14.03","1"
"Douglas","53017950200","258","1268","20.35","20.28","20.41","2"
"Douglas","53017950300","636","2602","24.44","24.37","24.51","3"
"Douglas","53017950400","690","2913","23.69","23.62","23.76","3"
"Douglas","53017950500","404","1356","29.79","29.71","29.87","5"
"Douglas","53017950600","322","1448","22.24","22.17","22.31","2"
"Douglas","53017950700","412","1556","26.48","26.41","26.55","4"
"Douglas","53017950800","493","1911","25.8","25.72","25.87","3"
"Ferry","53019940000","125","625","20","19.96","20.04","1"
"Ferry","53019970100","322","1107","29.09","29.02","29.16","5"
"Ferry","53019970200","353","1328","26.58","26.52","26.64","4"
"Franklin","53021020100","764","2648","28.85","28.75","28.95","5"
"Franklin","53021020200","557","1642","33.92","33.84","34","7"
"Franklin","53021020300","464","1528","30.37","30.28","30.45","6"
"Franklin","53021020400","1351","2777","48.65","48.54","48.75","10"
"Franklin","53021020501","277","1921","14.42","14.37","14.47","1"
"Franklin","53021020502","800","3388","23.61","23.54","23.68","3"
"Franklin","53021020601","580","3443","16.85","16.8","16.9","1"
"Franklin","53021020603","423","1238","34.17","34.07","34.26","7"
"Franklin","53021020605","447","2905","15.39","15.34","15.44","1"
"Franklin","53021020606","466","2587","18.01","17.95","18.07","1"
"Franklin","53021020700","60","398","15.08","15.01","15.14","1"
"Franklin","53021020800","412","2248","18.33","18.27","18.39","1"
"Franklin","53021980100","0","0","0 (NR)","0","0","1"
"Garfield","53023970300","202","984","20.53","20.47","20.59","2"
"Grant","53025010100","287","1501","19.12","19.08","19.16","1"
"Grant","53025010200","187","1129","16.56","16.49","16.64","1"
"Grant","53025010300","325","1709","19.02","18.96","19.07","1"
"Grant","53025010400","421","2861","14.72","14.66","14.77","1"
"Grant","53025010500","157","981","16","15.94","16.07","1"
"Grant","53025010600","375","1909","19.64","19.56","19.73","1"
"Grant","53025010700","265","979","27.07","26.99","27.14","4"
"Grant","53025010800","612","1477","41.44","41.34","41.53","9"
"Grant","53025010901","124","551","22.5","22.39","22.62","2"
"Grant","53025010902","1222","3678","33.22","33.14","33.31","7"
"Grant","53025011000","1250","4366","28.63","28.54","28.72","5"
"Grant","53025011100","821","2737","30","29.91","30.09","5"
"Grant","53025011200","217","1982","10.95","10.9","11","1"
"Grant","53025011300","293","1184","24.75","24.67","24.83","3"
"Grant","53025011401","50","615","8.13","8.07","8.19","1"
"Grant","53025011402","530","3159","16.78","16.73","16.83","1"
"Grays Harbor","53027000200","1824","4098","44.51","44.43","44.59","10"
"Grays Harbor","53027000300","256","1277","20.05","19.98","20.12","1"
"Grays Harbor","53027000400","504","2573","19.59","19.52","19.65","1"
"Grays Harbor","53027000500","768","2782","27.61","27.52","27.69","4"
"Grays Harbor","53027000600","504","1503","33.53","33.47","33.6","7"
"Grays Harbor","53027000700","456","1737","26.25","26.19","26.31","4"
"Grays Harbor","53027000800","373","1762","21.17","21.1","21.24","2"
"Grays Harbor","53027000900","736","2254","32.65","32.57","32.73","7"
"Grays Harbor","53027001000","525","1345","39.03","38.95","39.12","9"
"Grays Harbor","53027001100","515","1767","29.15","29.06","29.23","5"
"Grays Harbor","53027001200","426","1480","28.78","28.7","28.86","5"
"Grays Harbor","53027001300","434","1353","32.08","31.98","32.17","6"
"Grays Harbor","53027001400","324","923","35.1","35","35.21","8"
"Grays Harbor","53027001500","534","1771","30.15","30.08","30.22","6"
"Grays Harbor","53027001600","405","1814","22.33","22.27","22.38","2"
"Grays Harbor","53027940000","41","283","14.49","14.42","14.56","1"
"Grays Harbor","53027990000","0","0","0 (NR)","0","0","1"
"Island","53029970100","325","1095","29.68","29.58","29.79","5"
"Island","53029970200","127","166","76.51","76.27","76.74","10"
"Island","53029970300","552","1854","29.77","29.66","29.88","5"
"Island","53029970400","971","2522","38.5","38.41","38.59","9"
"Island","53029970500","958","2625","36.5","36.41","36.58","8"
"Island","53029970601","520","1379","37.71","37.62","37.8","8"
"Island","53029970602","640","1418","45.13","45.03","45.24","10"
"Island","53029970700","414","1084","38.19","38.08","38.3","9"
"Island","53029970800","426","1062","40.11","40.01","40.21","9"
"Island","53029970900","842","1618","52.04","51.94","52.14","10"
"Island","53029971000","740","2333","31.72","31.64","31.8","6"
"Island","53029971100","597","1653","36.12","36.03","36.2","8"
"Island","53029971300","665","2342","28.39","28.32","28.47","5"
"Island","53029971400","609","2100","29","28.93","29.07","5"
"Island","53029971500","348","1500","23.2","23.14","23.26","2"
"Island","53029971600","573","1699","33.73","33.64","33.81","7"
"Island","53029971700","438","1933","22.66","22.6","22.72","2"
"Island","53029971800","321","1129","28.43","28.35","28.51","5"
"Island","53029971900","571","1866","30.6","30.52","30.68","6"
"Island","53029972000","569","1798","31.65","31.58","31.71","6"
"Island","53029972100","326","1592","20.48","20.41","20.54","2"
"Island","53029992201","0","0","0 (NR)","0","0","1"
"Jefferson","53031950202","184","780","23.59","23.5","23.68","3"
"Jefferson","53031950300","911","3215","28.34","28.27","28.41","5"
"Jefferson","53031950400","614","1843","33.32","33.23","33.4","7"
"Jefferson","53031950500","944","3304","28.57","28.51","28.63","5"
"Jefferson","53031950601","1170","3205","36.51","36.43","36.59","8"
"Jefferson","53031950602","542","1553","34.9","34.82","34.98","7"
"Jefferson","53031950702","114","805","14.16","14.11","14.21","1"
"Jefferson","53031990000","0","0","0 (NR)","0","0","1"
"King","53033000100","1833","3970","46.17","46.1","46.24","10"
"King","53033000200","1303","3757","34.68","34.62","34.75","7"
"King","53033000300","337","1172","28.75","28.66","28.85","5"
"King","53033000401","2177","4019","54.17","54.08","54.26","10"
"King","53033000402","920","2398","38.37","38.29","38.44","9"
"King","53033000500","361","1315","27.45","27.38","27.52","4"
"King","53033000600","1143","3374","33.88","33.81","33.94","7"
"King","53033000700","887","2310","38.4","38.32","38.48","9"
"King","53033000800","346","1126","30.73","30.64","30.82","6"
"King","53033000900","254","898","28.29","28.21","28.36","5"
"King","53033001000","250","753","33.2","33.12","33.28","7"
"King","53033001100","431","1053","40.93","40.82","41.04","9"
"King","53033001200","1816","3763","48.26","48.18","48.33","10"
"King","53033001300","958","2353","40.71","40.62","40.81","9"
"King","53033001400","812","2425","33.48","33.4","33.57","7"
"King","53033001500","239","1123","21.28","21.21","21.36","2"
"King","53033001600","568","1898","29.93","29.85","30","5"
"King","53033001701","694","2155","32.2","32.12","32.29","6"
"King","53033001702","791","2275","34.77","34.67","34.86","7"
"King","53033001800","634","2207","28.73","28.65","28.81","5"
"King","53033001900","802","2355","34.06","33.99","34.12","7"
"King","53033002000","483","1620","29.81","29.75","29.88","5"
"King","53033002100","424","1791","23.67","23.61","23.73","3"
"King","53033002200","695","2387","29.12","29.05","29.18","5"
"King","53033002400","296","1326","22.32","22.26","22.39","2"
"King","53033002500","401","1333","30.08","30.01","30.16","5"
"King","53033002600","658","1989","33.08","33","33.16","7"
"King","53033002700","599","2484","24.11","24.04","24.19","3"
"King","53033002800","434","2262","19.19","19.12","19.26","1"
"King","53033002900","569","2018","28.2","28.13","28.26","5"
"King","53033003000","870","2708","32.13","32.05","32.2","6"
"King","53033003100","690","2793","24.7","24.64","24.77","3"
"King","53033003200","1489","4526","32.9","32.83","32.97","7"
"King","53033003300","857","3656","23.44","23.39","23.5","2"
"King","53033003400","523","1571","33.29","33.22","33.36","7"
"King","53033003500","581","1922","30.23","30.17","30.29","6"
"King","53033003600","1425","4264","33.42","33.36","33.48","7"
"King","53033003800","260","930","27.96","27.89","28.03","4"
"King","53033003900","276","1211","22.79","22.72","22.86","2"
"King","53033004000","476","1403","33.93","33.84","34.01","7"
"King","53033004100","878","2962","29.64","29.58","29.71","5"
"King","53033004200","930","3364","27.65","27.58","27.71","4"
"King","53033004301","570","1503","37.92","37.84","38.01","8"
"King","53033004302","1028","1604","64.09","63.99","64.19","10"
"King","53033004400","1395","2881","48.42","48.33","48.51","10"
"King","53033004500","277","1037","26.71","26.62","26.8","4"
"King","53033004600","361","1405","25.69","25.63","25.75","3"
"King","53033004700","2160","6126","35.26","35.2","35.32","8"
"King","53033004800","623","2266","27.49","27.41","27.57","4"
"King","53033004900","1005","3711","27.08","27.02","27.14","4"
"King","53033005000","731","2123","34.43","34.33","34.53","7"
"King","53033005100","576","1709","33.7","33.64","33.76","7"
"King","53033005200","1587","3229","49.15","49.07","49.23","10"
"King","53033005301","2203","3294","66.88","66.81","66.95","10"
"King","53033005302","107","149","71.81","71.55","72.07","10"
"King","53033005400","1171","3457","33.87","33.8","33.95","7"
"King","53033005600","791","2850","27.75","27.69","27.82","4"
"King","53033005700","744","2864","25.98","25.92","26.04","4"
"King","53033005801","878","2891","30.37","30.31","30.43","6"
"King","53033005802","1072","3011","35.6","35.53","35.68","8"
"King","53033005900","911","2796","32.58","32.5","32.66","6"
"King","53033006000","989","2758","35.86","35.78","35.94","8"
"King","53033006100","864","3034","28.48","28.42","28.54","5"
"King","53033006200","247","1668","14.81","14.76","14.86","1"
"King","53033006300","913","2695","33.88","33.81","33.95","7"
"King","53033006400","386","1389","27.79","27.7","27.88","4"
"King","53033006500","874","2549","34.29","34.22","34.36","7"
"King","53033006600","640","2341","27.34","27.27","27.41","4"
"King","53033006700","1160","5174","22.42","22.37","22.47","2"
"King","53033006800","342","1487","23","22.93","23.07","2"
"King","53033006900","652","2265","28.79","28.72","28.85","5"
"King","53033007000","2223","5189","42.84","42.76","42.92","9"
"King","53033007100","1105","3380","32.69","32.63","32.76","7"
"King","53033007200","2092","6915","30.25","30.19","30.31","6"
"King","53033007300","1872","5748","32.57","32.51","32.63","6"
"King","53033007401","1469","3912","37.55","37.48","37.62","8"
"King","53033007402","1677","3810","44.02","43.94","44.1","10"
"King","53033007500","2532","6362","39.8","39.73","39.87","9"
"King","53033007600","749","2361","31.72","31.65","31.8","6"
"King","53033007700","849","2570","33.04","32.95","33.12","7"
"King","53033007800","616","2329","26.45","26.37","26.52","4"
"King","53033007900","1260","3659","34.44","34.37","34.5","7"
"King","53033008001","1521","5091","29.88","29.81","29.95","5"
"King","53033008002","943","2602","36.24","36.16","36.32","8"
"King","53033008100","1207","2970","40.64","40.55","40.72","9"
"King","53033008200","1060","2931","36.17","36.08","36.25","8"
"King","53033008300","897","2130","42.11","42.03","42.19","9"
"King","53033008400","1291","3484","37.06","36.98","37.13","8"
"King","53033008500","605","1850","32.7","32.64","32.77","7"
"King","53033008600","1211","2480","48.83","48.75","48.91","10"
"King","53033008700","710","1826","38.88","38.8","38.96","9"
"King","53033008800","446","1729","25.8","25.72","25.87","3"
"King","53033008900","736","2505","29.38","29.3","29.46","5"
"King","53033009000","853","1903","44.82","44.74","44.9","10"
"King","53033009100","756","1626","46.49","46.39","46.59","10"
"King","53033009200","911","1769","51.5","51.42","51.57","10"
"King","53033009300","395","1582","24.97","24.91","25.03","3"
"King","53033009400","961","2955","32.52","32.44","32.61","6"
"King","53033009500","983","2810","34.98","34.89","35.07","8"
"King","53033009600","809","2837","28.52","28.45","28.58","5"
"King","53033009701","840","3034","27.69","27.62","27.75","4"
"King","53033009702","675","2336","28.9","28.82","28.97","5"
"King","53033009800","948","3233","29.32","29.26","29.39","5"
"King","53033009900","1003","3085","32.51","32.43","32.59","6"
"King","53033010001","628","1669","37.63","37.53","37.72","8"
"King","53033010002","715","1947","36.72","36.63","36.82","8"
"King","53033010100","1175","3236","36.31","36.23","36.39","8"
"King","53033010200","482","2026","23.79","23.73","23.85","3"
"King","53033010300","896","2928","30.6","30.53","30.67","6"
"King","53033010401","426","1440","29.58","29.5","29.67","5"
"King","53033010402","467","1716","27.21","27.15","27.28","4"
"King","53033010500","1343","4833","27.79","27.73","27.84","4"
"King","53033010600","1230","3822","32.18","32.12","32.25","6"
"King","53033010701","571","1596","35.78","35.68","35.87","8"
"King","53033010702","756","1625","46.52","46.41","46.64","10"
"King","53033010800","638","1900","33.58","33.51","33.65","7"
"King","53033010900","213","603","35.32","35.23","35.42","8"
"King","53033011001","893","1748","51.09","51","51.18","10"
"King","53033011002","676","1390","48.63","48.52","48.75","10"
"King","53033011101","981","1985","49.42","49.33","49.52","10"
"King","53033011102","623","1658","37.58","37.49","37.66","8"
"King","53033011200","656","1431","45.84","45.72","45.96","10"
"King","53033011300","1557","2986","52.14","52.05","52.23","10"
"King","53033011401","723","1803","40.1","40.01","40.19","9"
"King","53033011402","777","1967","39.5","39.41","39.59","9"
"King","53033011500","483","2005","24.09","24.03","24.15","3"
"King","53033011600","866","3061","28.29","28.23","28.36","5"
"King","53033011700","571","1729","33.02","32.94","33.11","7"
"King","53033011800","1123","2935","38.26","38.17","38.35","9"
"King","53033011900","839","2547","32.94","32.85","33.03","7"
"King","53033012000","310","1554","19.95","19.87","20.02","1"
"King","53033012100","291","1180","24.66","24.59","24.73","3"
"King","53033020100","376","1299","28.95","28.87","29.02","5"
"King","53033020200","763","2127","35.87","35.8","35.94","8"
"King","53033020300","1326","3146","42.15","42.07","42.22","9"
"King","53033020401","587","1498","39.19","39.1","39.27","9"
"King","53033020402","468","2201","21.26","21.2","21.33","2"
"King","53033020500","1086","2824","38.46","38.37","38.55","9"
"King","53033020600","389","1262","30.82","30.74","30.91","6"
"King","53033020700","640","1581","40.48","40.38","40.58","9"
"King","53033020800","547","1748","31.29","31.23","31.36","6"
"King","53033020900","425","1330","31.95","31.87","32.04","6"
"King","53033021000","669","2170","30.83","30.75","30.91","6"
"King","53033021100","530","1587","33.4","33.32","33.47","7"
"King","53033021300","665","1793","37.09","37","37.17","8"
"King","53033021400","365","1410","25.89","25.83","25.95","4"
"King","53033021500","401","1747","22.95","22.9","23.01","2"
"King","53033021600","496","1925","25.77","25.71","25.82","3"
"King","53033021700","1083","3695","29.31","29.24","29.38","5"
"King","53033021802","816","2282","35.76","35.66","35.86","8"
"King","53033021803","514","2159","23.81","23.74","23.88","3"
"King","53033021804","736","1965","37.46","37.37","37.55","8"
"King","53033021903","926","2577","35.93","35.86","36.01","8"
"King","53033021904","398","1818","21.89","21.84","21.95","2"
"King","53033021905","733","2211","33.15","33.07","33.24","7"
"King","53033021906","528","1700","31.06","30.98","31.14","6"
"King","53033022001","669","2380","28.11","28.04","28.17","5"
"King","53033022003","470","1910","24.61","24.54","24.67","3"
"King","53033022005","713","2163","32.96","32.87","33.06","7"
"King","53033022006","520","1721","30.21","30.13","30.3","6"
"King","53033022101","466","1872","24.89","24.84","24.95","3"
"King","53033022102","583","2345","24.86","24.8","24.92","3"
"King","53033022201","426","1730","24.62","24.57","24.68","3"
"King","53033022202","1101","3410","32.29","32.21","32.36","6"
"King","53033022203","466","1876","24.84","24.79","24.89","3"
"King","53033022300","231","1015","22.76","22.69","22.82","2"
"King","53033022400","1127","3830","29.43","29.36","29.49","5"
"King","53033022500","868","3996","21.72","21.67","21.78","2"
"King","53033022603","799","2561","31.2","31.12","31.28","6"
"King","53033022604","387","1796","21.55","21.49","21.6","2"
"King","53033022605","606","2648","22.89","22.81","22.96","2"
"King","53033022606","690","2385","28.93","28.86","29","5"
"King","53033022701","454","1621","28.01","27.95","28.07","4"
"King","53033022702","457","1386","32.97","32.89","33.05","7"
"King","53033022703","266","880","30.23","30.15","30.3","6"
"King","53033022801","1043","4026","25.91","25.85","25.96","4"
"King","53033022802","415","2068","20.07","20.01","20.12","2"
"King","53033022803","675","2637","25.6","25.52","25.67","3"
"King","53033022901","238","1002","23.75","23.68","23.82","3"
"King","53033022902","401","2553","15.71","15.66","15.76","1"
"King","53033023000","538","2324","23.15","23.09","23.21","2"
"King","53033023100","326","1433","22.75","22.68","22.82","2"
"King","53033023201","882","2650","33.28","33.18","33.39","7"
"King","53033023202","867","1910","45.39","45.3","45.49","10"
"King","53033023300","729","2364","30.84","30.76","30.92","6"
"King","53033023401","433","1517","28.54","28.47","28.62","5"
"King","53033023403","417","1608","25.93","25.87","26","4"
"King","53033023404","311","1219","25.51","25.44","25.59","3"
"King","53033023500","456","1541","29.59","29.51","29.67","5"
"King","53033023601","654","1868","35.01","34.94","35.09","8"
"King","53033023603","858","2734","31.38","31.29","31.48","6"
"King","53033023604","919","2643","34.77","34.7","34.85","7"
"King","53033023700","481","1793","26.83","26.76","26.89","4"
"King","53033023801","472","1465","32.22","32.13","32.31","6"
"King","53033023803","998","3252","30.69","30.61","30.76","6"
"King","53033023804","1503","4810","31.25","31.19","31.3","6"
"King","53033023900","633","2756","22.97","22.91","23.03","2"
"King","53033024000","1073","3318","32.34","32.27","32.41","6"
"King","53033024100","461","1703","27.07","27.03","27.11","4"
"King","53033024200","330","1188","27.78","27.72","27.84","4"
"King","53033024300","1584","4098","38.65","38.58","38.73","9"
"King","53033024400","463","1363","33.97","33.89","34.05","7"
"King","53033024500","383","1760","21.76","21.7","21.82","2"
"King","53033024601","342","1620","21.11","21.05","21.17","2"
"King","53033024602","285","1358","20.99","20.92","21.05","2"
"King","53033024701","391","1405","27.83","27.74","27.92","4"
"King","53033024702","771","3027","25.47","25.41","25.53","3"
"King","53033024800","846","2157","39.22","39.12","39.32","9"
"King","53033024901","468","1814","25.8","25.74","25.86","3"
"King","53033024902","263","1349","19.5","19.44","19.55","1"
"King","53033024903","503","2239","22.47","22.41","22.52","2"
"King","53033025001","582","1979","29.41","29.35","29.47","5"
"King","53033025003","647","2553","25.34","25.27","25.42","3"
"King","53033025005","504","2016","25","24.94","25.06","3"
"King","53033025006","776","2515","30.85","30.78","30.93","6"
"King","53033025101","779","2159","36.08","35.98","36.18","8"
"King","53033025102","928","2876","32.27","32.19","32.34","6"
"King","53033025200","1213","3256","37.25","37.16","37.35","8"
"King","53033025301","1295","3152","41.09","41","41.17","9"
"King","53033025302","1239","2781","44.55","44.46","44.64","10"
"King","53033025400","1448","3064","47.26","47.16","47.36","10"
"King","53033025500","708","1975","35.85","35.78","35.91","8"
"King","53033025601","704","1978","35.59","35.51","35.67","8"
"King","53033025602","501","2155","23.25","23.18","23.32","2"
"King","53033025701","1159","3044","38.07","37.99","38.16","9"
"King","53033025702","305","1269","24.03","23.96","24.11","3"
"King","53033025803","652","1687","38.65","38.56","38.73","9"
"King","53033025804","308","1138","27.07","26.97","27.16","4"
"King","53033025805","874","2073","42.16","42.06","42.26","9"
"King","53033025806","490","1827","26.82","26.75","26.89","4"
"King","53033026001","644","2185","29.47","29.39","29.55","5"
"King","53033026002","1328","3005","44.19","44.09","44.29","10"
"King","53033026100","1528","3049","50.11","50.01","50.22","10"
"King","53033026200","1063","2366","44.93","44.82","45.04","10"
"King","53033026300","190","550","34.55","34.45","34.65","7"
"King","53033026400","1253","2406","52.08","51.96","52.19","10"
"King","53033026500","648","1529","42.38","42.27","42.49","9"
"King","53033026600","309","923","33.48","33.38","33.58","7"
"King","53033026700","564","1990","28.34","28.24","28.44","5"
"King","53033026801","964","2270","42.47","42.36","42.57","9"
"King","53033026802","811","1884","43.05","42.96","43.13","9"
"King","53033027000","493","1218","40.48","40.37","40.59","9"
"King","53033027100","588","1307","44.99","44.87","45.11","10"
"King","53033027200","413","824","50.12","50.01","50.23","10"
"King","53033027300","736","1829","40.24","40.14","40.34","9"
"King","53033027400","662","1866","35.48","35.39","35.56","8"
"King","53033027500","713","1759","40.53","40.45","40.61","9"
"King","53033027600","676","1702","39.72","39.63","39.81","9"
"King","53033027701","839","2362","35.52","35.42","35.62","8"
"King","53033027702","529","2302","22.98","22.91","23.05","2"
"King","53033027800","446","1407","31.7","31.62","31.78","6"
"King","53033027900","1153","3282","35.13","35.04","35.22","8"
"King","53033028000","673","1630","41.29","41.18","41.4","9"
"King","53033028100","327","835","39.16","39.06","39.26","9"
"King","53033028200","635","1804","35.2","35.11","35.29","8"
"King","53033028300","760","1987","38.25","38.17","38.33","9"
"King","53033028402","861","1778","48.43","48.33","48.52","10"
"King","53033028403","685","2130","32.16","32.06","32.26","6"
"King","53033028500","626","1697","36.89","36.79","36.99","8"
"King","53033028600","1153","2946","39.14","39.05","39.22","9"
"King","53033028700","546","1787","30.55","30.48","30.63","6"
"King","53033028801","324","826","39.23","39.12","39.33","9"
"King","53033028802","1011","2250","44.93","44.83","45.04","10"
"King","53033028901","527","1658","31.79","31.72","31.85","6"
"King","53033028902","1034","2445","42.29","42.17","42.41","9"
"King","53033029001","631","2083","30.29","30.23","30.36","6"
"King","53033029003","1027","2192","46.85","46.75","46.96","10"
"King","53033029004","593","1305","45.44","45.35","45.54","10"
"King","53033029101","573","1236","46.36","46.24","46.47","10"
"King","53033029102","330","1439","22.93","22.86","23.01","2"
"King","53033029203","579","1389","41.68","41.59","41.78","9"
"King","53033029204","892","2545","35.05","34.96","35.14","8"
"King","53033029205","730","2085","35.01","34.92","35.11","8"
"King","53033029206","1055","1920","54.95","54.88","55.02","10"
"King","53033029303","1122","3054","36.74","36.66","36.82","8"
"King","53033029304","633","1931","32.78","32.71","32.86","7"
"King","53033029305","337","1323","25.47","25.39","25.56","3"
"King","53033029306","316","1342","23.55","23.47","23.62","3"
"King","53033029307","363","1303","27.86","27.77","27.95","4"
"King","53033029403","719","2018","35.63","35.55","35.71","8"
"King","53033029405","536","1784","30.04","29.97","30.12","5"
"King","53033029406","516","1619","31.87","31.78","31.96","6"
"King","53033029407","744","1579","47.12","47.03","47.21","10"
"King","53033029408","717","1483","48.35","48.24","48.46","10"
"King","53033029502","745","2274","32.76","32.68","32.85","7"
"King","53033029503","1391","3031","45.89","45.8","45.98","10"
"King","53033029504","1290","2101","61.4","61.27","61.53","10"
"King","53033029601","860","2179","39.47","39.35","39.58","9"
"King","53033029602","419","1955","21.43","21.37","21.49","2"
"King","53033029700","1428","2931","48.72","48.63","48.81","10"
"King","53033029801","1060","3103","34.16","34.08","34.24","7"
"King","53033029802","828","3025","27.37","27.29","27.46","4"
"King","53033029901","342","1510","22.65","22.59","22.71","2"
"King","53033029902","410","1564","26.21","26.14","26.29","4"
"King","53033030003","925","2471","37.43","37.33","37.54","8"
"King","53033030004","1484","3294","45.05","44.95","45.15","10"
"King","53033030005","609","1823","33.41","33.33","33.48","7"
"King","53033030006","779","1629","47.82","47.74","47.9","10"
"King","53033030100","1031","2890","35.67","35.56","35.79","8"
"King","53033030201","796","1967","40.47","40.38","40.55","9"
"King","53033030202","800","2583","30.97","30.88","31.06","6"
"King","53033030304","368","1318","27.92","27.84","28","4"
"King","53033030305","947","2062","45.93","45.81","46.04","10"
"King","53033030306","400","1821","21.97","21.9","22.03","2"
"King","53033030308","964","2383","40.45","40.35","40.56","9"
"King","53033030309","1074","2469","43.5","43.4","43.6","10"
"King","53033030310","726","2162","33.58","33.52","33.64","7"
"King","53033030311","462","1626","28.41","28.33","28.49","5"
"King","53033030312","893","1807","49.42","49.33","49.51","10"
"King","53033030313","913","1733","52.68","52.57","52.8","10"
"King","53033030314","871","2000","43.55","43.46","43.64","10"
"King","53033030401","1019","3353","30.39","30.31","30.47","6"
"King","53033030403","637","1848","34.47","34.39","34.55","7"
"King","53033030404","417","1560","26.73","26.66","26.8","4"
"King","53033030501","529","1040","50.87","50.78","50.96","10"
"King","53033030503","1106","2269","48.74","48.64","48.85","10"
"King","53033030504","686","2001","34.28","34.2","34.36","7"
"King","53033030600","913","2185","41.78","41.67","41.9","9"
"King","53033030700","598","1706","35.05","34.95","35.15","8"
"King","53033030801","987","2262","43.63","43.53","43.74","10"
"King","53033030802","461","1397","33","32.93","33.07","7"
"King","53033030901","323","1115","28.97","28.89","29.04","5"
"King","53033030902","1011","2041","49.53","49.42","49.65","10"
"King","53033031000","367","1602","22.91","22.84","22.97","2"
"King","53033031100","996","2782","35.8","35.74","35.86","8"
"King","53033031202","378","2091","18.08","18.02","18.14","1"
"King","53033031204","488","2272","21.48","21.4","21.56","2"
"King","53033031205","1103","2655","41.54","41.45","41.64","9"
"King","53033031206","662","1858","35.63","35.55","35.71","8"
"King","53033031301","274","905","30.28","30.2","30.35","6"
"King","53033031302","742","1807","41.06","40.97","41.15","9"
"King","53033031400","890","2595","34.3","34.21","34.38","7"
"King","53033031501","490","1471","33.31","33.21","33.41","7"
"King","53033031502","420","1782","23.57","23.51","23.63","3"
"King","53033031601","470","1931","24.34","24.28","24.4","3"
"King","53033031603","638","2298","27.76","27.68","27.85","4"
"King","53033031604","646","1822","35.46","35.38","35.53","8"
"King","53033031605","340","1491","22.8","22.72","22.88","2"
"King","53033031703","636","2528","25.16","25.1","25.22","3"
"King","53033031704","511","1775","28.79","28.71","28.87","5"
"King","53033031705","274","1429","19.17","19.11","19.24","1"
"King","53033031706","760","2851","26.66","26.58","26.73","4"
"King","53033031800","330","1645","20.06","20","20.12","1"
"King","53033031903","663","2527","26.24","26.16","26.32","4"
"King","53033031904","409","1262","32.41","32.32","32.5","6"
"King","53033031906","322","1483","21.71","21.65","21.78","2"
"King","53033031907","990","2930","33.79","33.71","33.87","7"
"King","53033031908","761","1884","40.39","40.32","40.47","9"
"King","53033031909","335","1175","28.51","28.42","28.6","5"
"King","53033032002","392","1194","32.83","32.72","32.94","7"
"King","53033032003","520","1987","26.17","26.1","26.24","4"
"King","53033032005","540","2490","21.69","21.62","21.76","2"
"King","53033032006","549","2014","27.26","27.19","27.33","4"
"King","53033032007","314","1290","24.34","24.26","24.42","3"
"King","53033032008","417","1577","26.44","26.36","26.52","4"
"King","53033032010","531","2179","24.37","24.29","24.45","3"
"King","53033032011","412","1440","28.61","28.53","28.7","5"
"King","53033032102","520","1815","28.65","28.57","28.73","5"
"King","53033032103","927","2340","39.62","39.52","39.71","9"
"King","53033032104","876","2443","35.86","35.77","35.94","8"
"King","53033032203","427","2779","15.37","15.32","15.41","1"
"King","53033032207","399","1319","30.25","30.17","30.33","6"
"King","53033032208","1434","4002","35.83","35.78","35.89","8"
"King","53033032210","1524","5802","26.27","26.21","26.33","4"
"King","53033032211","348","1746","19.93","19.87","19.99","1"
"King","53033032212","567","2877","19.71","19.65","19.77","1"
"King","53033032213","315","1497","21.04","20.98","21.1","2"
"King","53033032214","413","2190","18.86","18.81","18.91","1"
"King","53033032215","300","1559","19.24","19.19","19.3","1"
"King","53033032307","588","2129","27.62","27.55","27.69","4"
"King","53033032309","1205","4665","25.83","25.78","25.88","4"
"King","53033032311","509","2009","25.34","25.26","25.41","3"
"King","53033032313","626","2582","24.24","24.17","24.32","3"
"King","53033032315","503","2018","24.93","24.87","24.98","3"
"King","53033032316","446","1925","23.17","23.11","23.22","2"
"King","53033032317","448","2213","20.24","20.19","20.3","2"
"King","53033032318","327","2208","14.81","14.77","14.85","1"
"King","53033032319","1236","2840","43.52","43.43","43.61","10"
"King","53033032320","397","1591","24.95","24.89","25.02","3"
"King","53033032321","292","2081","14.03","13.99","14.07","1"
"King","53033032322","236","1172","20.14","20.08","20.2","2"
"King","53033032323","403","2185","18.44","18.39","18.5","1"
"King","53033032324","657","2306","28.49","28.42","28.57","5"
"King","53033032325","690","2333","29.58","29.5","29.66","5"
"King","53033032326","400","1359","29.43","29.36","29.51","5"
"King","53033032327","636","2014","31.58","31.52","31.64","6"
"King","53033032328","227","1113","20.4","20.32","20.47","2"
"King","53033032329","761","3013","25.26","25.2","25.31","3"
"King","53033032401","619","2214","27.96","27.88","28.04","4"
"King","53033032402","332","2443","13.59","13.54","13.64","1"
"King","53033032500","583","1976","29.5","29.45","29.56","5"
"King","53033032601","350","1079","32.44","32.32","32.56","6"
"King","53033032602","1242","4641","26.76","26.71","26.82","4"
"King","53033032702","737","2540","29.02","28.94","29.09","5"
"King","53033032703","249","889","28.01","27.92","28.09","4"
"King","53033032704","754","2692","28.01","27.94","28.07","4"
"King","53033032800","315","1044","30.17","30.09","30.25","6"
"King","53033990100","0","0","0 (NR)","0","0","1"
"Kitsap","53035080101","474","1288","36.8","36.7","36.9","8"
"Kitsap","53035080102","863","2046","42.18","42.11","42.25","9"
"Kitsap","53035080200","629","1599","39.34","39.26","39.42","9"
"Kitsap","53035080300","608","1770","34.35","34.27","34.43","7"
"Kitsap","53035080400","406","1646","24.67","24.6","24.73","3"
"Kitsap","53035080500","530","1581","33.52","33.44","33.6","7"
"Kitsap","53035080600","794","2178","36.46","36.35","36.57","8"
"Kitsap","53035080700","585","1567","37.33","37.25","37.42","8"
"Kitsap","53035080800","401","695","57.7","57.58","57.82","10"
"Kitsap","53035080900","631","2000","31.55","31.48","31.62","6"
"Kitsap","53035081000","583","2012","28.98","28.9","29.05","5"
"Kitsap","53035081100","477","1237","38.56","38.45","38.67","9"
"Kitsap","53035081200","401","1288","31.13","31.04","31.23","6"
"Kitsap","53035081400","12","24","50 (NR)","48.82","51.18","10"
"Kitsap","53035090101","542","2552","21.24","21.17","21.31","2"
"Kitsap","53035090102","793","2634","30.11","30.03","30.18","5"
"Kitsap","53035090201","529","1806","29.29","29.21","29.37","5"
"Kitsap","53035090202","530","1957","27.08","27.01","27.15","4"
"Kitsap","53035090300","597","1152","51.82","51.71","51.94","10"
"Kitsap","53035090400","523","1752","29.85","29.79","29.92","5"
"Kitsap","53035090501","957","2048","46.73","46.64","46.82","10"
"Kitsap","53035090502","591","1923","30.73","30.66","30.81","6"
"Kitsap","53035090700","437","2027","21.56","21.49","21.62","2"
"Kitsap","53035090800","464","1669","27.8","27.74","27.87","4"
"Kitsap","53035090900","1250","3625","34.48","34.41","34.55","7"
"Kitsap","53035091000","544","2794","19.47","19.42","19.52","1"
"Kitsap","53035091100","524","2105","24.89","24.83","24.96","3"
"Kitsap","53035091201","623","1910","32.62","32.54","32.69","7"
"Kitsap","53035091203","1022","3277","31.19","31.11","31.26","6"
"Kitsap","53035091204","566","1545","36.63","36.56","36.71","8"
"Kitsap","53035091301","385","1700","22.65","22.58","22.71","2"
"Kitsap","53035091302","450","2043","22.03","21.95","22.1","2"
"Kitsap","53035091400","239","1416","16.88","16.82","16.94","1"
"Kitsap","53035091500","416","1574","26.43","26.35","26.51","4"
"Kitsap","53035091600","854","2771","30.82","30.74","30.9","6"
"Kitsap","53035091700","903","2989","30.21","30.14","30.28","6"
"Kitsap","53035091800","319","1158","27.55","27.45","27.64","4"
"Kitsap","53035091900","601","1713","35.08","35","35.17","8"
"Kitsap","53035092000","745","2073","35.94","35.83","36.05","8"
"Kitsap","53035092100","908","3156","28.77","28.7","28.84","5"
"Kitsap","53035092200","1082","2690","40.22","40.13","40.32","9"
"Kitsap","53035092300","797","2338","34.09","34","34.18","7"
"Kitsap","53035092400","792","2404","32.95","32.85","33.04","7"
"Kitsap","53035092500","778","2101","37.03","36.94","37.12","8"
"Kitsap","53035092600","606","2375","25.52","25.43","25.6","3"
"Kitsap","53035092701","511","1873","27.28","27.21","27.36","4"
"Kitsap","53035092704","233","1372","16.98","16.92","17.05","1"
"Kitsap","53035092801","376","1662","22.62","22.55","22.7","2"
"Kitsap","53035092802","447","1598","27.97","27.9","28.05","4"
"Kitsap","53035092803","395","1076","36.71","36.6","36.82","8"
"Kitsap","53035092901","550","2039","26.97","26.89","27.06","4"
"Kitsap","53035092902","658","1976","33.3","33.21","33.39","7"
"Kitsap","53035940000","414","1412","29.32","29.29","29.35","5"
"Kitsap","53035940100","775","2697","28.74","28.7","28.78","5"
"Kitsap","53035990100","0","0","0 (NR)","0","0","1"
"Kittitas","53037975100","977","3113","31.38","31.33","31.44","6"
"Kittitas","53037975200","524","2494","21.01","20.95","21.07","2"
"Kittitas","53037975300","480","2107","22.78","22.72","22.84","2"
"Kittitas","53037975401","1221","2452","49.8","49.72","49.87","10"
"Kittitas","53037975402","1044","2469","42.28","42.19","42.38","9"
"Kittitas","53037975500","1052","2604","40.4","40.31","40.49","9"
"Kittitas","53037975600","573","1168","49.06","48.92","49.19","10"
"Kittitas","53037975700","659","1940","33.97","33.88","34.06","7"
"Klickitat","53039950100","1017","3675","27.67","27.6","27.74","4"
"Klickitat","53039950200","548","1840","29.78","29.71","29.86","5"
"Klickitat","53039950300","1030","3362","30.64","30.57","30.71","6"
"Lewis","53041970100","206","1226","16.8","16.75","16.86","1"
"Lewis","53041970200","419","1488","28.16","28.08","28.23","5"
"Lewis","53041970300","676","2147","31.49","31.41","31.57","6"
"Lewis","53041970400","758","2381","31.84","31.75","31.92","6"
"Lewis","53041970500","298","840","35.48","35.39","35.56","8"
"Lewis","53041970600","357","886","40.29","40.2","40.38","9"
"Lewis","53041970700","777","1710","45.44","45.35","45.52","10"
"Lewis","53041970800","670","1742","38.46","38.38","38.54","9"
"Lewis","53041970900","314","656","47.87","47.74","47.99","10"
"Lewis","53041971000","401","1200","33.42","33.31","33.52","7"
"Lewis","53041971100","414","1591","26.02","25.94","26.1","4"
"Lewis","53041971200","289","1255","23.03","22.96","23.1","2"
"Lewis","53041971300","434","2112","20.55","20.49","20.61","2"
"Lewis","53041971400","211","1109","19.03","18.96","19.09","1"
"Lewis","53041971500","777","2707","28.7","28.66","28.75","5"
"Lewis","53041971600","388","1532","25.33","25.27","25.38","3"
"Lewis","53041971700","440","1923","22.88","22.81","22.95","2"
"Lewis","53041971800","484","1748","27.69","27.61","27.77","4"
"Lewis","53041971900","366","1135","32.25","32.15","32.34","6"
"Lewis","53041972000","183","1230","14.88","14.81","14.94","1"
"Lincoln","53043960100","133","767","17.34","17.27","17.41","1"
"Lincoln","53043960200","197","1233","15.98","15.93","16.03","1"
"Lincoln","53043960300","282","1195","23.6","23.55","23.65","3"
"Lincoln","53043960400","292","1330","21.95","21.91","22","2"
"Mason","53045940000","38","191","19.9","19.79","20","1"
"Mason","53045960100","72","319","22.57","22.48","22.66","2"
"Mason","53045960200","770","2402","32.06","31.96","32.15","6"
"Mason","53045960300","840","2660","31.58","31.46","31.69","6"
"Mason","53045960400","1134","3830","29.61","29.53","29.69","5"
"Mason","53045960500","394","2032","19.39","19.33","19.45","1"
"Mason","53045960600","289","1351","21.39","21.32","21.47","2"
"Mason","53045960700","257","571","45.01","44.9","45.11","10"
"Mason","53045960800","728","1499","48.57","48.47","48.66","10"
"Mason","53045960900","579","1756","32.97","32.9","33.05","7"
"Mason","53045961000","492","2031","24.22","24.17","24.28","3"
"Mason","53045961100","849","2667","31.83","31.76","31.91","6"
"Mason","53045961200","397","1541","25.76","25.69","25.84","3"
"Mason","53045961300","361","1428","25.28","25.21","25.35","3"
"Okanogan","53047940100","210","1154","18.2","18.16","18.24","1"
"Okanogan","53047940200","178","1079","16.5","16.44","16.56","1"
"Okanogan","53047970300","837","3397","24.64","24.57","24.71","3"
"Okanogan","53047970400","391","1522","25.69","25.62","25.76","3"
"Okanogan","53047970500","249","1049","23.74","23.64","23.83","3"
"Okanogan","53047970600","694","2998","23.15","23.08","23.22","2"
"Okanogan","53047970700","540","1722","31.36","31.27","31.45","6"
"Okanogan","53047970800","476","1761","27.03","26.95","27.11","4"
"Okanogan","53047970900","253","1109","22.81","22.72","22.91","2"
"Okanogan","53047971000","621","1884","32.96","32.87","33.05","7"
"Pacific","53049950200","359","1892","18.97","18.92","19.03","1"
"Pacific","53049950300","444","1508","29.44","29.37","29.51","5"
"Pacific","53049950400","277","1445","19.17","19.12","19.22","1"
"Pacific","53049950500","286","1145","24.98","24.9","25.06","3"
"Pacific","53049950600","270","613","44.05","43.94","44.15","10"
"Pacific","53049950700","380","1293","29.39","29.31","29.47","5"
"Pacific","53049950800","382","1383","27.62","27.55","27.7","4"
"Pacific","53049990100","0","0","0 (NR)","0","0","1"
"Pend Oreille","53051970100","206","897","22.97","22.9","23.03","2"
"Pend Oreille","53051970200","179","1144","15.65","15.59","15.7","1"
"Pend Oreille","53051970300","401","1408","28.48","28.41","28.55","5"
"Pend Oreille","53051970400","314","1242","25.28","25.2","25.37","3"
"Pend Oreille","53051970500","287","1036","27.7","27.61","27.8","4"
"Pierce","53053060200","226","610","37.05","36.96","37.14","8"
"Pierce","53053060300","680","2094","32.47","32.41","32.53","6"
"Pierce","53053060400","454","1636","27.75","27.69","27.82","4"
"Pierce","53053060500","458","1700","26.94","26.88","27","4"
"Pierce","53053060600","837","2702","30.98","30.9","31.05","6"
"Pierce","53053060700","631","2348","26.87","26.79","26.95","4"
"Pierce","53053060800","556","2222","25.02","24.95","25.1","3"
"Pierce","53053060903","470","1446","32.5","32.42","32.58","6"
"Pierce","53053060904","791","2226","35.53","35.43","35.64","8"
"Pierce","53053060905","1226","3139","39.06","38.98","39.14","9"
"Pierce","53053060906","317","939","33.76","33.69","33.83","7"
"Pierce","53053061001","643","1741","36.93","36.85","37.01","8"
"Pierce","53053061002","919","2205","41.68","41.59","41.77","9"
"Pierce","53053061100","1027","2762","37.18","37.1","37.27","8"
"Pierce","53053061200","803","2248","35.72","35.64","35.8","8"
"Pierce","53053061300","901","1854","48.6","48.51","48.69","10"
"Pierce","53053061400","716","1273","56.25","56.15","56.34","10"
"Pierce","53053061500","1143","3141","36.39","36.32","36.46","8"
"Pierce","53053061601","569","1296","43.9","43.81","44","10"
"Pierce","53053061602","157","417","37.65","37.54","37.76","8"
"Pierce","53053061700","721","1924","37.47","37.38","37.57","8"
"Pierce","53053061800","453","1055","42.94","42.82","43.06","9"
"Pierce","53053061900","374","793","47.16","47.04","47.29","10"
"Pierce","53053062000","750","1696","44.22","44.12","44.32","10"
"Pierce","53053062300","641","1880","34.1","34.02","34.17","7"
"Pierce","53053062400","972","2367","41.06","40.97","41.16","9"
"Pierce","53053062500","1079","2748","39.26","39.18","39.35","9"
"Pierce","53053062600","1015","1760","57.67","57.57","57.77","10"
"Pierce","53053062801","1704","2913","58.5","58.4","58.59","10"
"Pierce","53053062802","473","1437","32.92","32.82","33.01","7"
"Pierce","53053062900","1138","3357","33.9","33.82","33.97","7"
"Pierce","53053063000","479","1183","40.49","40.38","40.6","9"
"Pierce","53053063100","571","1611","35.44","35.35","35.53","8"
"Pierce","53053063200","713","1848","38.58","38.5","38.66","9"
"Pierce","53053063300","1143","2574","44.41","44.3","44.51","10"
"Pierce","53053063400","1362","2998","45.43","45.33","45.53","10"
"Pierce","53053063501","662","1613","41.04","40.93","41.15","9"
"Pierce","53053063502","781","1742","44.83","44.73","44.93","10"
"Pierce","53053070100","455","1254","36.28","36.19","36.38","8"
"Pierce","53053070203","691","2723","25.38","25.31","25.44","3"
"Pierce","53053070204","306","1354","22.6","22.53","22.67","2"
"Pierce","53053070205","304","1149","26.46","26.36","26.55","4"
"Pierce","53053070206","467","1509","30.95","30.88","31.02","6"
"Pierce","53053070207","635","2196","28.92","28.83","29","5"
"Pierce","53053070307","517","1804","28.66","28.58","28.74","5"
"Pierce","53053070308","449","1522","29.5","29.42","29.58","5"
"Pierce","53053070309","646","2141","30.17","30.09","30.25","6"
"Pierce","53053070310","400","1712","23.36","23.3","23.43","2"
"Pierce","53053070311","305","1729","17.64","17.58","17.7","1"
"Pierce","53053070312","358","2067","17.32","17.26","17.38","1"
"Pierce","53053070313","499","2231","22.37","22.29","22.44","2"
"Pierce","53053070314","273","1180","23.14","23.05","23.22","2"
"Pierce","53053070315","631","2255","27.98","27.92","28.04","4"
"Pierce","53053070316","597","2312","25.82","25.73","25.91","3"
"Pierce","53053070401","185","765","24.18","24.1","24.26","3"
"Pierce","53053070403","387","1484","26.08","25.99","26.16","4"
"Pierce","53053070404","554","1611","34.39","34.31","34.46","7"
"Pierce","53053070703","775","2490","31.12","31.06","31.19","6"
"Pierce","53053071100","282","981","28.75","28.68","28.82","5"
"Pierce","53053071205","529","1837","28.8","28.73","28.86","5"
"Pierce","53053071206","813","2447","33.22","33.13","33.32","7"
"Pierce","53053071207","1298","2641","49.15","49.06","49.23","10"
"Pierce","53053071208","1275","3025","42.15","42.06","42.23","9"
"Pierce","53053071209","284","1384","20.52","20.45","20.59","2"
"Pierce","53053071210","500","1907","26.22","26.15","26.28","4"
"Pierce","53053071304","644","2462","26.16","26.08","26.24","4"
"Pierce","53053071305","422","1381","30.56","30.47","30.65","6"
"Pierce","53053071306","573","2293","24.99","24.9","25.08","3"
"Pierce","53053071307","504","1836","27.45","27.38","27.52","4"
"Pierce","53053071309","441","1484","29.72","29.65","29.79","5"
"Pierce","53053071310","560","2091","26.78","26.7","26.86","4"
"Pierce","53053071403","567","1612","35.17","35.09","35.26","8"
"Pierce","53053071406","570","2630","21.67","21.6","21.75","2"
"Pierce","53053071407","801","2229","35.94","35.84","36.03","8"
"Pierce","53053071408","541","1412","38.31","38.22","38.41","9"
"Pierce","53053071409","608","1608","37.81","37.72","37.91","8"
"Pierce","53053071410","791","2767","28.59","28.5","28.67","5"
"Pierce","53053071411","783","2052","38.16","38.07","38.24","9"
"Pierce","53053071503","863","2140","40.33","40.22","40.43","9"
"Pierce","53053071504","756","1721","43.93","43.83","44.03","10"
"Pierce","53053071505","664","1939","34.24","34.16","34.33","7"
"Pierce","53053071506","604","1953","30.93","30.85","31","6"
"Pierce","53053071601","661","1844","35.85","35.76","35.93","8"
"Pierce","53053071602","1168","3111","37.54","37.47","37.62","8"
"Pierce","53053071703","773","1586","48.74","48.64","48.84","10"
"Pierce","53053071704","839","1711","49.04","48.93","49.14","10"
"Pierce","53053071705","615","1283","47.93","47.82","48.05","10"
"Pierce","53053071706","363","748","48.53","48.41","48.65","10"
"Pierce","53053071707","375","1049","35.75","35.66","35.84","8"
"Pierce","53053071803","1195","2582","46.28","46.19","46.38","10"
"Pierce","53053071805","771","1369","56.32","56.21","56.43","10"
"Pierce","53053071806","940","1691","55.59","55.49","55.69","10"
"Pierce","53053071807","770","1553","49.58","49.49","49.68","10"
"Pierce","53053071808","599","1665","35.98","35.89","36.06","8"
"Pierce","53053071901","1185","2278","52.02","51.89","52.15","10"
"Pierce","53053071902","699","2260","30.93","30.84","31.02","6"
"Pierce","53053072000","839","1976","42.46","42.37","42.55","9"
"Pierce","53053072105","538","1803","29.84","29.77","29.91","5"
"Pierce","53053072106","1125","2983","37.71","37.63","37.8","8"
"Pierce","53053072107","392","1672","23.44","23.37","23.52","2"
"Pierce","53053072108","791","1979","39.97","39.87","40.07","9"
"Pierce","53053072109","354","1429","24.77","24.71","24.83","3"
"Pierce","53053072111","207","977","21.19","21.11","21.27","2"
"Pierce","53053072112","709","1923","36.87","36.78","36.96","8"
"Pierce","53053072305","683","2400","28.46","28.38","28.53","5"
"Pierce","53053072307","709","1994","35.56","35.48","35.63","8"
"Pierce","53053072308","1076","2837","37.93","37.84","38.01","8"
"Pierce","53053072309","841","2548","33.01","32.92","33.09","7"
"Pierce","53053072310","600","1689","35.52","35.43","35.61","8"
"Pierce","53053072311","915","2141","42.74","42.67","42.81","9"
"Pierce","53053072312","909","2300","39.52","39.43","39.62","9"
"Pierce","53053072313","356","1416","25.14","25.07","25.22","3"
"Pierce","53053072405","356","1528","23.3","23.24","23.36","2"
"Pierce","53053072406","596","2263","26.34","26.26","26.42","4"
"Pierce","53053072407","654","1993","32.81","32.73","32.9","7"
"Pierce","53053072408","825","2425","34.02","33.93","34.11","7"
"Pierce","53053072409","285","977","29.17","29.1","29.24","5"
"Pierce","53053072410","361","1480","24.39","24.31","24.48","3"
"Pierce","53053072503","342","1640","20.85","20.78","20.92","2"
"Pierce","53053072504","351","1432","24.51","24.44","24.58","3"
"Pierce","53053072505","717","3511","20.42","20.37","20.48","2"
"Pierce","53053072506","461","1483","31.09","31.02","31.16","6"
"Pierce","53053072507","462","1458","31.69","31.61","31.76","6"
"Pierce","53053072601","357","1981","18.02","17.96","18.08","1"
"Pierce","53053072602","474","1511","31.37","31.28","31.46","6"
"Pierce","53053072603","797","2155","36.98","36.88","37.09","8"
"Pierce","53053072800","1363","3831","35.58","35.5","35.65","8"
"Pierce","53053072901","365","827","44.14","44.05","44.22","10"
"Pierce","53053072903","541","1024","52.83","52.7","52.96","10"
"Pierce","53053072905","1270","1868","67.99","67.9","68.07","10"
"Pierce","53053072906","0","7","0 (NR)","0","4.2","1"
"Pierce","53053072907","907","1318","68.82","68.71","68.92","10"
"Pierce","53053073001","833","2383","34.96","34.85","35.06","8"
"Pierce","53053073005","483","1938","24.92","24.84","25.01","3"
"Pierce","53053073006","397","1527","26","25.92","26.08","4"
"Pierce","53053073108","1129","2938","38.43","38.34","38.51","9"
"Pierce","53053073110","327","1349","24.24","24.17","24.32","3"
"Pierce","53053073111","355","1507","23.56","23.49","23.62","3"
"Pierce","53053073113","710","2494","28.47","28.38","28.55","5"
"Pierce","53053073114","652","1895","34.41","34.31","34.5","7"
"Pierce","53053073115","362","1537","23.55","23.48","23.62","3"
"Pierce","53053073116","339","1592","21.29","21.22","21.37","2"
"Pierce","53053073117","327","1376","23.76","23.69","23.84","3"
"Pierce","53053073118","468","1564","29.92","29.84","30.01","5"
"Pierce","53053073119","388","1148","33.8","33.7","33.89","7"
"Pierce","53053073120","418","1488","28.09","28.02","28.17","5"
"Pierce","53053073121","415","1590","26.1","26.03","26.17","4"
"Pierce","53053073122","578","1772","32.62","32.55","32.69","7"
"Pierce","53053073123","443","1658","26.72","26.64","26.8","4"
"Pierce","53053073124","405","1338","30.27","30.18","30.36","6"
"Pierce","53053073125","1230","3767","32.65","32.58","32.72","7"
"Pierce","53053073126","414","1194","34.67","34.55","34.79","7"
"Pierce","53053073200","664","2549","26.05","25.99","26.11","4"
"Pierce","53053073301","1127","2376","47.43","47.32","47.55","10"
"Pierce","53053073302","537","1716","31.29","31.21","31.38","6"
"Pierce","53053073404","723","2621","27.58","27.51","27.66","4"
"Pierce","53053073405","546","1488","36.69","36.6","36.78","8"
"Pierce","53053073406","873","2453","35.59","35.5","35.67","8"
"Pierce","53053073407","452","1512","29.89","29.81","29.98","5"
"Pierce","53053073408","464","1745","26.59","26.53","26.65","4"
"Pierce","53053073500","799","3023","26.43","26.36","26.51","4"
"Pierce","53053940001","275","1081","25.44","25.39","25.49","3"
"Pierce","53053940002","463","1516","30.54","30.49","30.59","6"
"Pierce","53053940003","1063","2872","37.01","36.97","37.06","8"
"Pierce","53053940004","600","2546","23.57","23.53","23.6","3"
"Pierce","53053940005","709","2080","34.09","34.04","34.14","7"
"Pierce","53053940006","461","1090","42.29","42.21","42.37","9"
"Pierce","53053940007","383","1034","37.04","36.96","37.12","8"
"Pierce","53053940008","911","2372","38.41","38.36","38.46","9"
"Pierce","53053940009","297","1196","24.83","24.77","24.9","3"
"Pierce","53053940010","456","2032","22.44","22.38","22.5","2"
"Pierce","53053940011","376","1612","23.33","23.29","23.36","2"
"San Juan","53055960100","1007","2812","35.81","35.77","35.85","8"
"San Juan","53055960300","637","2323","27.42","27.39","27.45","4"
"San Juan","53055960400","566","1500","37.73","37.69","37.78","8"
"San Juan","53055960500","484","1617","29.93","29.89","29.97","5"
"San Juan","53055990100","0","0","0 (NR)","0","0","1"
"Skagit","53057940200","336","1136","29.58","29.54","29.62","5"
"Skagit","53057940300","552","2138","25.82","25.79","25.84","3"
"Skagit","53057940400","880","3126","28.15","28.12","28.18","5"
"Skagit","53057940500","448","1141","39.26","39.22","39.31","9"
"Skagit","53057940600","306","783","39.08","39.03","39.13","9"
"Skagit","53057940700","240","723","33.2","33.13","33.26","7"
"Skagit","53057940800","362","1345","26.91","26.89","26.94","4"
"Skagit","53057950100","132","466","28.33","28.27","28.38","5"
"Skagit","53057950800","875","2497","35.04","34.96","35.12","8"
"Skagit","53057950900","354","1417","24.98","24.91","25.05","3"
"Skagit","53057951000","287","1142","25.13","25.06","25.21","3"
"Skagit","53057951100","683","2028","33.68","33.6","33.76","7"
"Skagit","53057951200","322","1362","23.64","23.56","23.73","3"
"Skagit","53057951300","201","759","26.48","26.4","26.57","4"
"Skagit","53057951400","461","1493","30.88","30.79","30.96","6"
"Skagit","53057951500","1096","3703","29.6","29.53","29.67","5"
"Skagit","53057951600","458","1679","27.28","27.19","27.37","4"
"Skagit","53057951700","594","1537","38.65","38.55","38.74","9"
"Skagit","53057951800","973","2098","46.38","46.28","46.48","10"
"Skagit","53057951900","278","1475","18.85","18.79","18.91","1"
"Skagit","53057952100","373","1442","25.87","25.81","25.93","4"
"Skagit","53057952200","720","1684","42.76","42.66","42.85","9"
"Skagit","53057952301","532","1594","33.38","33.3","33.46","7"
"Skagit","53057952302","1147","3501","32.76","32.69","32.83","7"
"Skagit","53057952401","419","1132","37.01","36.9","37.13","8"
"Skagit","53057952402","835","3032","27.54","27.47","27.61","4"
"Skagit","53057952500","442","1127","39.22","39.1","39.34","9"
"Skagit","53057952600","577","1537","37.54","37.45","37.63","8"
"Skagit","53057952700","312","1393","22.4","22.35","22.45","2"
"Skagit","53057990100","3","3","100 (NR)","91.06","100","10"
"Skamania","53059950100","16","38","42.11 (NR)","41.39","42.83","9"
"Skamania","53059950200","508","1925","26.39","26.33","26.45","4"
"Skamania","53059950300","237","837","28.32","28.24","28.39","5"
"Skamania","53059950400","200","951","21.03","20.96","21.1","2"
"Skamania","53059950500","361","1065","33.9","33.79","34","7"
"Snohomish","53061040100","482","1598","30.16","30.09","30.24","6"
"Snohomish","53061040200","1174","2534","46.33","46.23","46.43","10"
"Snohomish","53061040300","454","1361","33.36","33.27","33.45","7"
"Snohomish","53061040400","627","1868","33.57","33.49","33.64","7"
"Snohomish","53061040500","335","962","34.82","34.75","34.89","7"
"Snohomish","53061040700","783","1975","39.65","39.56","39.73","9"
"Snohomish","53061040800","575","1493","38.51","38.42","38.6","9"
"Snohomish","53061040900","428","1215","35.23","35.14","35.31","8"
"Snohomish","53061041000","824","2238","36.82","36.74","36.9","8"
"Snohomish","53061041100","640","1871","34.21","34.13","34.28","7"
"Snohomish","53061041201","419","1182","35.45","35.34","35.56","8"
"Snohomish","53061041202","1049","2260","46.42","46.3","46.53","10"
"Snohomish","53061041301","704","2204","31.94","31.86","32.02","6"
"Snohomish","53061041303","511","1823","28.03","27.97","28.1","4"
"Snohomish","53061041304","246","1110","22.16","22.08","22.24","2"
"Snohomish","53061041400","867","2359","36.75","36.65","36.85","8"
"Snohomish","53061041500","206","538","38.29","38.17","38.41","9"
"Snohomish","53061041601","909","2169","41.91","41.81","42.01","9"
"Snohomish","53061041605","766","2195","34.9","34.78","35.02","7"
"Snohomish","53061041606","633","1944","32.56","32.48","32.64","6"
"Snohomish","53061041607","241","1323","18.22","18.15","18.28","1"
"Snohomish","53061041608","465","2361","19.7","19.63","19.76","1"
"Snohomish","53061041701","830","2530","32.81","32.72","32.89","7"
"Snohomish","53061041703","672","2278","29.5","29.43","29.56","5"
"Snohomish","53061041704","926","2595","35.68","35.6","35.77","8"
"Snohomish","53061041805","1220","2593","47.05","46.95","47.15","10"
"Snohomish","53061041806","1347","3085","43.66","43.56","43.76","10"
"Snohomish","53061041808","794","1702","46.65","46.55","46.75","10"
"Snohomish","53061041809","984","2115","46.52","46.41","46.64","10"
"Snohomish","53061041810","1123","2237","50.2","50.09","50.32","10"
"Snohomish","53061041811","844","2697","31.29","31.21","31.38","6"
"Snohomish","53061041812","1438","2712","53.02","52.91","53.14","10"
"Snohomish","53061041901","947","1979","47.85","47.76","47.94","10"
"Snohomish","53061041903","1424","3100","45.94","45.85","46.02","10"
"Snohomish","53061041904","1158","2360","49.07","48.97","49.16","10"
"Snohomish","53061041905","959","2336","41.05","40.95","41.16","9"
"Snohomish","53061042001","629","2336","26.93","26.85","27","4"
"Snohomish","53061042003","298","1158","25.73","25.65","25.82","3"
"Snohomish","53061042004","407","1636","24.88","24.8","24.95","3"
"Snohomish","53061042005","430","1941","22.15","22.09","22.21","2"
"Snohomish","53061042006","700","2065","33.9","33.81","33.99","7"
"Snohomish","53061050101","203","995","20.4","20.34","20.47","2"
"Snohomish","53061050102","1111","2396","46.37","46.26","46.48","10"
"Snohomish","53061050200","477","1585","30.09","30.02","30.17","5"
"Snohomish","53061050300","397","1990","19.95","19.88","20.01","1"
"Snohomish","53061050401","791","2874","27.52","27.45","27.59","4"
"Snohomish","53061050402","577","2423","23.81","23.75","23.88","3"
"Snohomish","53061050500","1478","3706","39.88","39.82","39.95","9"
"Snohomish","53061050600","104","420","24.76","24.68","24.85","3"
"Snohomish","53061050700","775","2660","29.14","29.05","29.22","5"
"Snohomish","53061050800","979","2671","36.65","36.56","36.75","8"
"Snohomish","53061050900","512","1486","34.45","34.37","34.54","7"
"Snohomish","53061051000","664","1730","38.38","38.3","38.46","9"
"Snohomish","53061051100","649","1716","37.82","37.74","37.9","8"
"Snohomish","53061051200","482","1815","26.56","26.49","26.62","4"
"Snohomish","53061051300","1003","2921","34.34","34.26","34.42","7"
"Snohomish","53061051400","1939","3437","56.42","56.32","56.51","10"
"Snohomish","53061051500","962","2246","42.83","42.74","42.92","9"
"Snohomish","53061051601","645","1634","39.47","39.38","39.57","9"
"Snohomish","53061051602","529","1529","34.6","34.53","34.67","7"
"Snohomish","53061051701","708","2398","29.52","29.43","29.62","5"
"Snohomish","53061051702","732","1876","39.02","38.95","39.09","9"
"Snohomish","53061051802","880","2475","35.56","35.47","35.64","8"
"Snohomish","53061051803","1280","2811","45.54","45.45","45.62","10"
"Snohomish","53061051804","1017","2440","41.68","41.58","41.78","9"
"Snohomish","53061051905","958","3445","27.81","27.74","27.88","4"
"Snohomish","53061051912","226","859","26.31","26.24","26.38","4"
"Snohomish","53061051913","278","1681","16.54","16.49","16.59","1"
"Snohomish","53061051914","234","1610","14.53","14.49","14.58","1"
"Snohomish","53061051915","626","2635","23.76","23.7","23.82","3"
"Snohomish","53061051916","308","1324","23.26","23.19","23.33","2"
"Snohomish","53061051917","294","1564","18.8","18.75","18.85","1"
"Snohomish","53061051918","518","2050","25.27","25.2","25.34","3"
"Snohomish","53061051921","583","2088","27.92","27.85","27.99","4"
"Snohomish","53061051922","415","1992","20.83","20.77","20.89","2"
"Snohomish","53061051923","847","2673","31.69","31.6","31.77","6"
"Snohomish","53061051924","959","2992","32.05","31.98","32.12","6"
"Snohomish","53061051925","906","2912","31.11","31.04","31.19","6"
"Snohomish","53061051926","574","1832","31.33","31.26","31.4","6"
"Snohomish","53061051927","357","1786","19.99","19.94","20.04","1"
"Snohomish","53061051928","1045","2271","46.01","45.9","46.13","10"
"Snohomish","53061052003","823","3431","23.99","23.92","24.05","3"
"Snohomish","53061052004","475","2443","19.44","19.38","19.5","1"
"Snohomish","53061052005","720","2572","27.99","27.92","28.07","4"
"Snohomish","53061052006","388","1526","25.43","25.36","25.5","3"
"Snohomish","53061052007","471","1826","25.79","25.73","25.86","3"
"Snohomish","53061052104","404","1362","29.66","29.58","29.74","5"
"Snohomish","53061052105","200","680","29.41","29.32","29.5","5"
"Snohomish","53061052107","519","1815","28.6","28.53","28.66","5"
"Snohomish","53061052108","576","2204","26.13","26.05","26.22","4"
"Snohomish","53061052112","288","908","31.72","31.64","31.79","6"
"Snohomish","53061052113","279","1106","25.23","25.15","25.31","3"
"Snohomish","53061052114","263","1559","16.87","16.81","16.93","1"
"Snohomish","53061052115","363","2361","15.37","15.32","15.43","1"
"Snohomish","53061052118","726","2555","28.41","28.35","28.48","5"
"Snohomish","53061052203","438","1861","23.54","23.47","23.6","3"
"Snohomish","53061052204","434","1644","26.4","26.33","26.47","4"
"Snohomish","53061052206","416","1659","25.08","25.01","25.14","3"
"Snohomish","53061052207","613","2076","29.53","29.46","29.6","5"
"Snohomish","53061052208","651","1508","43.17","43.05","43.29","9"
"Snohomish","53061052209","264","877","30.1","30.03","30.18","5"
"Snohomish","53061052301","459","1760","26.08","26.02","26.14","4"
"Snohomish","53061052302","486","1505","32.29","32.22","32.37","6"
"Snohomish","53061052401","524","1652","31.72","31.65","31.79","6"
"Snohomish","53061052402","693","1834","37.79","37.71","37.86","8"
"Snohomish","53061052502","569","1843","30.87","30.8","30.94","6"
"Snohomish","53061052503","659","2840","23.2","23.13","23.27","2"
"Snohomish","53061052504","306","910","33.63","33.55","33.7","7"
"Snohomish","53061052603","274","886","30.93","30.85","31","6"
"Snohomish","53061052604","666","1872","35.58","35.49","35.66","8"
"Snohomish","53061052605","774","2176","35.57","35.47","35.67","8"
"Snohomish","53061052606","531","1806","29.4","29.33","29.48","5"
"Snohomish","53061052607","449","2120","21.18","21.13","21.23","2"
"Snohomish","53061052701","150","610","24.59","24.49","24.69","3"
"Snohomish","53061052705","694","2927","23.71","23.65","23.77","3"
"Snohomish","53061052706","633","2042","31","30.92","31.08","6"
"Snohomish","53061052707","440","1476","29.81","29.72","29.9","5"
"Snohomish","53061052708","413","1821","22.68","22.62","22.74","2"
"Snohomish","53061052709","322","1254","25.68","25.58","25.77","3"
"Snohomish","53061052803","638","2248","28.38","28.31","28.45","5"
"Snohomish","53061052804","820","2846","28.81","28.74","28.89","5"
"Snohomish","53061052805","667","1784","37.39","37.31","37.47","8"
"Snohomish","53061052806","543","2527","21.49","21.42","21.55","2"
"Snohomish","53061052903","930","1753","53.05","52.96","53.15","10"
"Snohomish","53061052904","731","2121","34.46","34.38","34.55","7"
"Snohomish","53061052905","782","1803","43.37","43.3","43.45","9"
"Snohomish","53061052906","539","1761","30.61","30.53","30.68","6"
"Snohomish","53061053101","518","1630","31.78","31.71","31.85","6"
"Snohomish","53061053102","779","2115","36.83","36.75","36.91","8"
"Snohomish","53061053201","621","1754","35.4","35.32","35.49","8"
"Snohomish","53061053202","419","1766","23.73","23.65","23.8","3"
"Snohomish","53061053301","875","2553","34.27","34.2","34.35","7"
"Snohomish","53061053302","455","1922","23.67","23.59","23.76","3"
"Snohomish","53061053400","392","2157","18.17","18.1","18.25","1"
"Snohomish","53061053504","1119","2834","39.48","39.4","39.57","9"
"Snohomish","53061053505","474","2018","23.49","23.43","23.55","2"
"Snohomish","53061053506","480","1919","25.01","24.92","25.11","3"
"Snohomish","53061053507","427","1849","23.09","23.03","23.16","2"
"Snohomish","53061053508","242","1229","19.69","19.62","19.76","1"
"Snohomish","53061053509","502","1609","31.2","31.11","31.29","6"
"Snohomish","53061053602","670","2237","29.95","29.86","30.04","5"
"Snohomish","53061053603","471","1549","30.41","30.34","30.47","6"
"Snohomish","53061053604","663","1876","35.34","35.24","35.44","8"
"Snohomish","53061053700","340","1298","26.19","26.13","26.26","4"
"Snohomish","53061053801","411","1405","29.25","29.18","29.33","5"
"Snohomish","53061053802","541","2187","24.74","24.68","24.8","3"
"Snohomish","53061053803","600","2145","27.97","27.9","28.05","4"
"Snohomish","53061940001","518","2227","23.26","23.22","23.3","2"
"Snohomish","53061940002","307","1408","21.8","21.76","21.85","2"
"Snohomish","53061990002","0","0","0 (NR)","0","0","1"
"Snohomish","53061990100","0","0","0 (NR)","0","0","1"
"Spokane","53063000200","922","1860","49.57","49.48","49.66","10"
"Spokane","53063000300","1001","2110","47.44","47.32","47.56","10"
"Spokane","53063000400","616","1655","37.22","37.14","37.3","8"
"Spokane","53063000500","374","1511","24.75","24.67","24.83","3"
"Spokane","53063000600","333","1288","25.85","25.78","25.93","4"
"Spokane","53063000700","710","2178","32.6","32.5","32.69","7"
"Spokane","53063000800","336","1880","17.87","17.82","17.92","1"
"Spokane","53063000900","592","2523","23.46","23.38","23.54","2"
"Spokane","53063001000","545","2418","22.54","22.46","22.62","2"
"Spokane","53063001100","320","1434","22.32","22.25","22.38","2"
"Spokane","53063001200","414","981","42.2","42.11","42.29","9"
"Spokane","53063001300","502","1520","33.03","32.93","33.12","7"
"Spokane","53063001400","980","2393","40.95","40.84","41.06","9"
"Spokane","53063001500","755","2208","34.19","34.09","34.29","7"
"Spokane","53063001600","601","1386","43.36","43.28","43.45","9"
"Spokane","53063001800","456","1327","34.36","34.28","34.45","7"
"Spokane","53063001900","587","1566","37.48","37.39","37.58","8"
"Spokane","53063002000","753","1673","45.01","44.93","45.09","10"
"Spokane","53063002100","377","1093","34.49","34.39","34.59","7"
"Spokane","53063002300","735","2170","33.87","33.77","33.97","7"
"Spokane","53063002400","432","1171","36.89","36.78","37","8"
"Spokane","53063002500","1312","2374","55.27","55.14","55.39","10"
"Spokane","53063002600","1004","2071","48.48","48.35","48.61","10"
"Spokane","53063002900","273","1189","22.96","22.88","23.04","2"
"Spokane","53063003000","428","933","45.87","45.77","45.98","10"
"Spokane","53063003100","727","2072","35.09","34.98","35.19","8"
"Spokane","53063003200","472","1402","33.67","33.58","33.75","7"
"Spokane","53063003500","723","1730","41.79","41.71","41.88","9"
"Spokane","53063003600","1308","2567","50.95","50.85","51.05","10"
"Spokane","53063003800","329","914","36","35.9","36.09","8"
"Spokane","53063003900","299","1047","28.56","28.47","28.64","5"
"Spokane","53063004000","845","2519","33.55","33.46","33.63","7"
"Spokane","53063004100","391","1104","35.42","35.32","35.51","8"
"Spokane","53063004200","324","1894","17.11","17.06","17.16","1"
"Spokane","53063004300","282","1458","19.34","19.28","19.4","1"
"Spokane","53063004400","738","2120","34.81","34.72","34.9","7"
"Spokane","53063004500","411","1478","27.81","27.73","27.88","4"
"Spokane","53063004601","696","1851","37.6","37.52","37.69","8"
"Spokane","53063004602","243","1265","19.21","19.14","19.28","1"
"Spokane","53063004700","893","2788","32.03","31.97","32.09","6"
"Spokane","53063004800","666","1938","34.37","34.3","34.43","7"
"Spokane","53063004900","676","2323","29.1","29.03","29.17","5"
"Spokane","53063005000","616","1994","30.89","30.81","30.98","6"
"Spokane","53063010100","433","2418","17.91","17.85","17.96","1"
"Spokane","53063010201","362","1647","21.98","21.9","22.06","2"
"Spokane","53063010202","377","2537","14.86","14.8","14.92","1"
"Spokane","53063010301","472","1775","26.59","26.52","26.66","4"
"Spokane","53063010303","303","1222","24.8","24.71","24.88","3"
"Spokane","53063010304","634","2406","26.35","26.25","26.45","4"
"Spokane","53063010305","662","2315","28.6","28.51","28.69","5"
"Spokane","53063010401","671","1677","40.01","39.93","40.09","9"
"Spokane","53063010402","731","2591","28.21","28.13","28.3","5"
"Spokane","53063010501","1454","3387","42.93","42.84","43.01","9"
"Spokane","53063010503","614","2941","20.88","20.82","20.93","2"
"Spokane","53063010504","267","1364","19.57","19.51","19.64","1"
"Spokane","53063010601","267","1481","18.03","17.96","18.09","1"
"Spokane","53063010602","912","3133","29.11","29.03","29.19","5"
"Spokane","53063010700","589","2576","22.86","22.79","22.94","2"
"Spokane","53063010800","436","952","45.8","45.71","45.88","10"
"Spokane","53063010900","533","1491","35.75","35.65","35.84","8"
"Spokane","53063011000","395","1541","25.63","25.56","25.7","3"
"Spokane","53063011101","1337","2957","45.21","45.12","45.3","10"
"Spokane","53063011102","704","1658","42.46","42.37","42.55","9"
"Spokane","53063011201","1394","3544","39.33","39.26","39.41","9"
"Spokane","53063011202","419","1591","26.34","26.25","26.42","4"
"Spokane","53063011300","821","3359","24.44","24.38","24.51","3"
"Spokane","53063011400","811","2162","37.51","37.41","37.61","8"
"Spokane","53063011500","234","618","37.86","37.74","37.99","8"
"Spokane","53063011600","165","758","21.77","21.72","21.82","2"
"Spokane","53063011701","382","1085","35.21","35.11","35.31","8"
"Spokane","53063011702","1367","3138","43.56","43.48","43.65","10"
"Spokane","53063011800","1167","2521","46.29","46.2","46.38","10"
"Spokane","53063011900","712","1871","38.05","37.97","38.13","9"
"Spokane","53063012000","574","1805","31.8","31.72","31.89","6"
"Spokane","53063012100","362","1182","30.63","30.54","30.71","6"
"Spokane","53063012200","271","970","27.94","27.88","28","4"
"Spokane","53063012300","799","2595","30.79","30.71","30.87","6"
"Spokane","53063012401","528","1783","29.61","29.55","29.68","5"
"Spokane","53063012402","442","2412","18.33","18.27","18.38","1"
"Spokane","53063012500","438","1530","28.63","28.54","28.71","5"
"Spokane","53063012600","406","1599","25.39","25.31","25.47","3"
"Spokane","53063012701","648","1831","35.39","35.32","35.46","8"
"Spokane","53063012702","161","847","19.01","18.94","19.08","1"
"Spokane","53063012801","547","1712","31.95","31.86","32.04","6"
"Spokane","53063012802","306","1255","24.38","24.3","24.47","3"
"Spokane","53063012901","483","1242","38.89","38.79","38.98","9"
"Spokane","53063012902","721","2680","26.9","26.83","26.98","4"
"Spokane","53063013000","1484","3982","37.27","37.19","37.35","8"
"Spokane","53063013100","1823","5183","35.17","35.09","35.25","8"
"Spokane","53063013201","631","2802","22.52","22.47","22.57","2"
"Spokane","53063013202","1018","4676","21.77","21.72","21.82","2"
"Spokane","53063013300","205","1171","17.51","17.44","17.57","1"
"Spokane","53063013401","344","1962","17.53","17.48","17.58","1"
"Spokane","53063013500","789","3595","21.95","21.88","22.01","2"
"Spokane","53063013600","610","1964","31.06","31","31.12","6"
"Spokane","53063013700","362","1338","27.06","26.99","27.12","4"
"Spokane","53063013800","262","804","32.59","32.51","32.67","7"
"Spokane","53063013900","496","2031","24.42","24.33","24.51","3"
"Spokane","53063014001","790","1810","43.65","43.56","43.73","10"
"Spokane","53063014002","976","2495","39.12","39.04","39.19","9"
"Spokane","53063014100","624","2349","26.56","26.49","26.64","4"
"Spokane","53063014200","496","1438","34.49","34.41","34.58","7"
"Spokane","53063014300","273","1179","23.16","23.11","23.2","2"
"Spokane","53063014400","584","1706","34.23","34.16","34.31","7"
"Spokane","53063014500","372","791","47.03","46.92","47.13","10"
"Stevens","53065941000","144","795","18.11","18.07","18.16","1"
"Stevens","53065950100","819","2954","27.73","27.68","27.77","4"
"Stevens","53065950200","398","1568","25.38","25.31","25.45","3"
"Stevens","53065950300","341","1187","28.73","28.64","28.82","5"
"Stevens","53065950500","331","1012","32.71","32.62","32.8","7"
"Stevens","53065950600","218","1030","21.17","21.1","21.23","2"
"Stevens","53065950700","288","1014","28.4","28.32","28.48","5"
"Stevens","53065950800","257","1324","19.41","19.34","19.48","1"
"Stevens","53065950900","161","683","23.57","23.51","23.64","3"
"Stevens","53065951100","370","1466","25.24","25.19","25.29","3"
"Stevens","53065951300","428","1588","26.95","26.88","27.02","4"
"Stevens","53065951400","566","2933","19.3","19.23","19.36","1"
"Thurston","53067010100","992","1907","52.02","51.94","52.1","10"
"Thurston","53067010200","674","2109","31.96","31.88","32.04","6"
"Thurston","53067010300","966","2280","42.37","42.28","42.45","9"
"Thurston","53067010400","230","1377","16.7","16.65","16.75","1"
"Thurston","53067010510","867","1520","57.04","56.95","57.13","10"
"Thurston","53067010520","1547","2791","55.43","55.33","55.52","10"
"Thurston","53067010600","940","2588","36.32","36.23","36.41","8"
"Thurston","53067010700","408","2209","18.47","18.39","18.55","1"
"Thurston","53067010800","1083","2792","38.79","38.71","38.87","9"
"Thurston","53067010910","1141","3257","35.03","34.96","35.1","8"
"Thurston","53067010920","831","2129","39.03","38.96","39.11","9"
"Thurston","53067011000","528","1946","27.13","27.07","27.2","4"
"Thurston","53067011100","494","1720","28.72","28.66","28.79","5"
"Thurston","53067011200","987","2257","43.73","43.63","43.83","10"
"Thurston","53067011300","1021","2245","45.48","45.39","45.56","10"
"Thurston","53067011410","708","2084","33.97","33.9","34.05","7"
"Thurston","53067011420","781","2654","29.43","29.36","29.5","5"
"Thurston","53067011500","833","2391","34.84","34.75","34.93","7"
"Thurston","53067011610","872","3099","28.14","28.07","28.21","5"
"Thurston","53067011621","1278","3384","37.77","37.69","37.84","8"
"Thurston","53067011622","545","1729","31.52","31.44","31.61","6"
"Thurston","53067011623","895","2519","35.53","35.44","35.62","8"
"Thurston","53067011624","373","1487","25.08","25.01","25.16","3"
"Thurston","53067011710","901","3328","27.07","27.01","27.14","4"
"Thurston","53067011720","606","1879","32.25","32.17","32.33","6"
"Thurston","53067011810","372","1435","25.92","25.86","25.99","4"
"Thurston","53067011821","463","1936","23.92","23.85","23.98","3"
"Thurston","53067011822","384","1618","23.73","23.67","23.8","3"
"Thurston","53067011900","840","3132","26.82","26.75","26.89","4"
"Thurston","53067012000","879","3101","28.35","28.28","28.41","5"
"Thurston","53067012100","485","1849","26.23","26.17","26.29","4"
"Thurston","53067012211","209","909","22.99","22.91","23.08","2"
"Thurston","53067012212","1118","3245","34.45","34.39","34.52","7"
"Thurston","53067012221","679","2508","27.07","27.01","27.14","4"
"Thurston","53067012222","1180","3873","30.47","30.4","30.53","6"
"Thurston","53067012310","993","3742","26.54","26.48","26.59","4"
"Thurston","53067012320","321","1276","25.16","25.07","25.25","3"
"Thurston","53067012330","872","2058","42.37","42.27","42.47","9"
"Thurston","53067012411","1220","3091","39.47","39.38","39.55","9"
"Thurston","53067012412","765","1777","43.05","42.95","43.15","9"
"Thurston","53067012420","375","1670","22.46","22.39","22.52","2"
"Thurston","53067012510","360","1128","31.91","31.81","32.02","6"
"Thurston","53067012520","880","2862","30.75","30.65","30.84","6"
"Thurston","53067012530","415","1660","25","24.93","25.07","3"
"Thurston","53067012610","739","2292","32.24","32.15","32.33","6"
"Thurston","53067012620","571","1805","31.63","31.57","31.7","6"
"Thurston","53067012710","175","821","21.32","21.25","21.38","2"
"Thurston","53067012720","556","2310","24.07","23.99","24.15","3"
"Thurston","53067012730","436","2204","19.78","19.71","19.86","1"
"Thurston","53067990100","0","0","0 (NR)","0","0","1"
"Wahkiakum","53069950100","523","1897","27.57","27.51","27.63","4"
"Walla Walla","53071920000","381","1848","20.62","20.56","20.68","2"
"Walla Walla","53071920100","350","1872","18.7","18.65","18.74","1"
"Walla Walla","53071920200","341","1591","21.43","21.37","21.5","2"
"Walla Walla","53071920300","1043","3346","31.17","31.09","31.25","6"
"Walla Walla","53071920400","0","5","0 (NR)","0","5.88","1"
"Walla Walla","53071920500","370","992","37.3","37.22","37.38","8"
"Walla Walla","53071920600","1037","2661","38.97","38.88","39.06","9"
"Walla Walla","53071920701","688","1712","40.19","40.11","40.27","9"
"Walla Walla","53071920702","695","1925","36.1","36.03","36.18","8"
"Walla Walla","53071920801","608","1959","31.04","30.95","31.12","6"
"Walla Walla","53071920802","425","1118","38.01","37.91","38.12","9"
"Walla Walla","53071920900","645","3617","17.83","17.78","17.89","1"
"Whatcom","53073000100","1530","4425","34.58","34.5","34.65","7"
"Whatcom","53073000200","1827","4374","41.77","41.69","41.85","9"
"Whatcom","53073000300","1396","3601","38.77","38.69","38.84","9"
"Whatcom","53073000400","771","2817","27.37","27.31","27.43","4"
"Whatcom","53073000501","925","2288","40.43","40.33","40.52","9"
"Whatcom","53073000502","533","1254","42.5","42.41","42.6","9"
"Whatcom","53073000600","713","1166","61.15","61.05","61.24","10"
"Whatcom","53073000700","1270","2653","47.87","47.77","47.97","10"
"Whatcom","53073000803","988","2703","36.55","36.47","36.64","8"
"Whatcom","53073000804","610","2534","24.07","24","24.14","3"
"Whatcom","53073000805","619","2133","29.02","28.93","29.11","5"
"Whatcom","53073000806","915","3800","24.08","24.02","24.14","3"
"Whatcom","53073000901","1315","3024","43.49","43.41","43.56","10"
"Whatcom","53073000902","598","2347","25.48","25.41","25.55","3"
"Whatcom","53073001000","923","1723","53.57","53.48","53.66","10"
"Whatcom","53073001100","1172","3147","37.24","37.17","37.31","8"
"Whatcom","53073001201","2103","3430","61.31","61.24","61.39","10"
"Whatcom","53073001202","708","1836","38.56","38.49","38.64","9"
"Whatcom","53073010100","944","3077","30.68","30.59","30.77","6"
"Whatcom","53073010200","950","3044","31.21","31.15","31.27","6"
"Whatcom","53073010301","551","2464","22.36","22.3","22.43","2"
"Whatcom","53073010302","759","1981","38.31","38.25","38.38","9"
"Whatcom","53073010303","754","2272","33.19","33.1","33.27","7"
"Whatcom","53073010401","849","3384","25.09","25.03","25.14","3"
"Whatcom","53073010403","928","2537","36.58","36.5","36.65","8"
"Whatcom","53073010404","775","2763","28.05","27.98","28.11","5"
"Whatcom","53073010501","1012","2973","34.04","33.95","34.13","7"
"Whatcom","53073010502","1146","3386","33.85","33.77","33.93","7"
"Whatcom","53073010600","664","2489","26.68","26.59","26.76","4"
"Whatcom","53073010701","573","2202","26.02","25.94","26.1","4"
"Whatcom","53073010702","428","1614","26.52","26.45","26.58","4"
"Whatcom","53073010900","100","473","21.14","21.06","21.22","2"
"Whatcom","53073011000","203","643","31.57","31.48","31.66","6"
"Whatcom","53073940000","676","1966","34.38","34.34","34.43","7"
"Whitman","53075000100","913","1238","73.75","73.66","73.83","10"
"Whitman","53075000200","982","2982","32.93","32.86","33","7"
"Whitman","53075000300","585","2085","28.06","27.98","28.13","5"
"Whitman","53075000400","641","1874","34.2","34.14","34.27","7"
"Whitman","53075000500","230","410","56.1","55.92","56.27","10"
"Whitman","53075000600","2405","3838","62.66","62.6","62.72","10"
"Whitman","53075000700","332","1578","21.04","21","21.08","2"
"Whitman","53075000800","372","1452","25.62","25.54","25.7","3"
"Whitman","53075000900","320","1626","19.68","19.65","19.71","1"
"Whitman","53075001000","136","916","14.85","14.81","14.88","1"
"Yakima","53077000100","366","906","40.4","40.31","40.48","9"
"Yakima","53077000200","742","1711","43.37","43.27","43.46","9"
"Yakima","53077000300","570","2143","26.6","26.52","26.68","4"
"Yakima","53077000400","818","3147","25.99","25.93","26.06","4"
"Yakima","53077000500","715","2012","35.54","35.43","35.64","8"
"Yakima","53077000600","911","1953","46.65","46.56","46.74","10"
"Yakima","53077000700","1006","2623","38.35","38.26","38.44","9"
"Yakima","53077000800","456","1760","25.91","25.83","25.99","4"
"Yakima","53077000901","869","3125","27.81","27.74","27.87","4"
"Yakima","53077000902","573","1737","32.99","32.91","33.07","7"
"Yakima","53077001000","848","2428","34.93","34.85","35.01","8"
"Yakima","53077001100","642","2494","25.74","25.65","25.83","3"
"Yakima","53077001201","500","1337","37.4","37.3","37.49","8"
"Yakima","53077001202","752","2080","36.15","36.04","36.27","8"
"Yakima","53077001300","317","973","32.58","32.49","32.67","6"
"Yakima","53077001400","347","1147","30.25","30.15","30.35","6"
"Yakima","53077001501","918","2068","44.39","44.28","44.51","10"
"Yakima","53077001502","291","841","34.6","34.51","34.69","7"
"Yakima","53077001601","276","861","32.06","31.97","32.14","6"
"Yakima","53077001602","806","3283","24.55","24.48","24.62","3"
"Yakima","53077001701","340","1060","32.08","31.97","32.18","6"
"Yakima","53077001702","605","2017","30","29.91","30.08","5"
"Yakima","53077001800","384","2111","18.19","18.11","18.27","1"
"Yakima","53077001901","266","1092","24.36","24.27","24.45","3"
"Yakima","53077001902","567","1987","28.54","28.45","28.62","5"
"Yakima","53077002001","469","2232","21.01","20.93","21.09","2"
"Yakima","53077002002","1059","2664","39.75","39.66","39.84","9"
"Yakima","53077002101","128","604","21.19","21.08","21.3","2"
"Yakima","53077002102","488","2153","22.67","22.58","22.75","2"
"Yakima","53077002200","643","2495","25.77","25.7","25.84","3"
"Yakima","53077002701","184","828","22.22","22.15","22.3","2"
"Yakima","53077002801","414","1879","22.03","21.96","22.11","2"
"Yakima","53077002802","816","3263","25.01","24.94","25.07","3"
"Yakima","53077002900","357","2144","16.65","16.59","16.71","1"
"Yakima","53077003001","619","1827","33.88","33.79","33.97","7"
"Yakima","53077003002","332","1388","23.92","23.85","23.99","3"
"Yakima","53077003100","400","1988","20.12","20.06","20.18","2"
"Yakima","53077003200","784","2504","31.31","31.21","31.41","6"
"Yakima","53077003400","436","1750","24.91","24.85","24.97","3"
"Yakima","53077940001","320","1825","17.53","17.5","17.57","1"
"Yakima","53077940002","248","1316","18.84","18.8","18.89","1"
"Yakima","53077940003","200","1017","19.67","19.61","19.72","1"
"Yakima","53077940004","537","1615","33.25","33.19","33.31","7"
"Yakima","53077940005","431","1408","30.61","30.54","30.68","6"
"Yakima","53077940006","378","1252","30.19","30.12","30.26","6"


"Unaffordable Housing (>30% of Income)"
"Geography: Census Tract, Year: 2015-2019"
"Created: 12/1/2022"

"""**"" indicates data suppression to protect confidentiality."

"""--"" indicates no data collected."

"""NR"" indicates data are not reliable."
